dataset,backbone,seed,phase,arm,mse,mae,static_mse,static_mae,mse_reduction_pct,mae_reduction_pct,state_bytes,lr,parameter_bytes,optimizer_bytes,context_bytes,schedule_bytes,method,cohort
ETTh1,dlinear,0,legacy,cosa_global,0.3934221645196198,0.3995194351792955,0.3955730955366409,0.4036559040895815,0.543750583973146,1.024751246885769,71356,0.005,23548.0,47156.0,80.0,44.0,COSA,main
ETTh1,dlinear,0,legacy,fac_global,0.3865469360460136,0.396772049625524,0.3955730955366409,0.4036559040895815,2.281793072499616,1.7053768802375302,21408,0.01,6952.0,13928.0,0.0,0.0,FAC,main
ETTh1,dlinear,0,legacy,proposed_global,0.3576488706541107,0.3857676556717927,0.3955730955366409,0.4036559040895815,9.587159822151603,4.431558720325057,4528,,,,,,Proposed,main
ETTh1,dlinear,0,legacy,static,0.3955730955366409,0.4036559040895815,0.3955730955366409,0.4036559040895815,0.0,0.0,0,,,,,,Static,main
ETTh1,dlinear,1,legacy,cosa_global,0.392791495803616,0.3988140969092828,0.3987785825318127,0.4061631936103853,1.5013561385832652,1.8093950453206609,71356,0.005,23548.0,47156.0,80.0,44.0,COSA,main
ETTh1,dlinear,1,legacy,fac_global,0.380930124048716,0.39347216443634,0.3987785825318127,0.4061631936103853,4.4757816153962455,3.1246133016718525,21408,0.01,6952.0,13928.0,0.0,0.0,FAC,main
ETTh1,dlinear,1,legacy,proposed_global,0.3576488649314493,0.3862610439193477,0.3987785825318127,0.4061631936103853,10.313923415654411,4.900037719845408,4528,,,,,,Proposed,main
ETTh1,dlinear,1,legacy,static,0.3987785825318127,0.4061631936103853,0.3987785825318127,0.4061631936103853,0.0,0.0,0,,,,,,Static,main
ETTh1,dlinear,2,legacy,cosa_global,0.3939702691000451,0.3994204462548783,0.3941047590716731,0.4017776976604462,0.0341254370905708,0.5867053893967245,71356,0.005,23548.0,47156.0,80.0,44.0,COSA,main
ETTh1,dlinear,2,legacy,fac_global,0.3833481492439662,0.3947188878046865,0.3941047590716731,0.4017776976604462,2.729378313787545,1.7568943962950725,21408,0.005,6952.0,13928.0,0.0,0.0,FAC,main
ETTh1,dlinear,2,legacy,proposed_global,0.3591213812014803,0.3867401496934495,0.3941047590716731,0.4017776976604462,8.876669734361297,3.7427532823649634,4528,,,,,,Proposed,main
ETTh1,dlinear,2,legacy,static,0.3941047590716731,0.4017776976604462,0.3941047590716731,0.4017776976604462,0.0,0.0,0,,,,,,Static,main
ETTh1,patchtst,0,legacy,cosa_global,0.4141232270079373,0.4232414878301864,0.4293842736337853,0.436788708184308,3.554169903964366,3.1015500401638585,71356,0.01,23548.0,47156.0,80.0,44.0,COSA,main
ETTh1,patchtst,0,legacy,fac_global,0.3914902277264804,0.4106148868918763,0.4293842736337853,0.436788708184308,8.825205820095782,5.992330113393729,21408,0.01,6952.0,13928.0,0.0,0.0,FAC,main
ETTh1,patchtst,0,legacy,proposed_global,0.3761294843249171,0.4067127676819944,0.4293842736337853,0.436788708184308,12.402594267876776,6.885695517939694,4528,,,,,,Proposed,main
ETTh1,patchtst,0,legacy,static,0.4293842736337853,0.436788708184308,0.4293842736337853,0.436788708184308,0.0,0.0,0,,,,,,Static,main
ETTh1,patchtst,1,legacy,cosa_global,0.4230259331424645,0.4261441247244928,0.4555890611533524,0.4470102138935318,7.147478020752351,4.667922235443345,71356,0.01,23548.0,47156.0,80.0,44.0,COSA,main
ETTh1,patchtst,1,legacy,fac_global,0.4072506637043066,0.4154992909859762,0.4555890611533524,0.4470102138935318,10.610087372746412,7.049262394496603,21408,0.01,6952.0,13928.0,0.0,0.0,FAC,main
ETTh1,patchtst,1,legacy,proposed_global,0.384284815401128,0.4130775299490934,0.4555890611533524,0.4470102138935318,15.651000393142278,7.591031007743476,4528,,,,,,Proposed,main
ETTh1,patchtst,1,legacy,static,0.4555890611533524,0.4470102138935318,0.4555890611533524,0.4470102138935318,0.0,0.0,0,,,,,,Static,main
ETTh1,patchtst,2,legacy,cosa_global,0.4195332285055277,0.4249345544584296,0.4620188900151995,0.4532386548664537,9.195654642664962,6.244855795974392,71356,0.01,23548.0,47156.0,80.0,44.0,COSA,main
ETTh1,patchtst,2,legacy,fac_global,0.3982141241700171,0.413520273700004,0.4620188900151995,0.4532386548664537,13.80999072204242,8.763237808600554,21408,0.01,6952.0,13928.0,0.0,0.0,FAC,main
ETTh1,patchtst,2,legacy,proposed_global,0.3885452366928507,0.4130751330611025,0.4620188900151995,0.4532386548664537,15.902737942150312,8.861451108397922,4528,,,,,,Proposed,main
ETTh1,patchtst,2,legacy,static,0.4620188900151995,0.4532386548664537,0.4620188900151995,0.4532386548664537,0.0,0.0,0,,,,,,Static,main
ETTh2,dlinear,0,legacy,cosa_global,0.1384701355505157,0.2485804325578451,0.1415501291321893,0.253184984206867,2.175903053254913,1.8186511587352627,71356,0.0001,23548.0,47156.0,80.0,44.0,COSA,main
ETTh2,dlinear,0,legacy,fac_global,0.1408970681624248,0.2522347843042128,0.1415501291321893,0.253184984206867,0.4613637400179504,0.3752986795922286,21408,0.0001,6952.0,13928.0,0.0,0.0,FAC,main
ETTh2,dlinear,0,legacy,proposed_global,0.1336094120080441,0.2426318664342988,0.1415501291321893,0.253184984206867,5.609826831545728,4.168145202460217,4528,,,,,,Proposed,main
ETTh2,dlinear,0,legacy,static,0.1415501291321893,0.253184984206867,0.1415501291321893,0.253184984206867,0.0,0.0,0,,,,,,Static,main
ETTh2,dlinear,1,legacy,cosa_global,0.1354498614667998,0.2442136076516848,0.1369262160584143,0.2464291188304606,1.0782117801200974,0.8990460174879145,71356,0.001,23548.0,47156.0,80.0,44.0,COSA,main
ETTh2,dlinear,1,legacy,fac_global,0.1358110686446442,0.2446588944264405,0.1369262160584143,0.2464291188304606,0.8144148329450873,0.718350336365059,21408,0.01,6952.0,13928.0,0.0,0.0,FAC,main
ETTh2,dlinear,1,legacy,proposed_global,0.1327333307536765,0.2411129888608711,0.1369262160584143,0.2464291188304606,3.062149400921921,2.157265340565073,4528,,,,,,Proposed,main
ETTh2,dlinear,1,legacy,static,0.1369262160584143,0.2464291188304606,0.1369262160584143,0.2464291188304606,0.0,0.0,0,,,,,,Static,main
ETTh2,dlinear,2,legacy,cosa_global,0.1403493791899672,0.2498515824783916,0.1444659210958572,0.2566657938040532,2.8494899521379624,2.654896558153641,71356,0.005,23548.0,47156.0,80.0,44.0,COSA,main
ETTh2,dlinear,2,legacy,fac_global,0.1367067219052394,0.2465614577873319,0.1444659210958572,0.2566657938040532,5.370954708044495,3.936767680244624,21408,0.005,6952.0,13928.0,0.0,0.0,FAC,main
ETTh2,dlinear,2,legacy,proposed_global,0.1345799786776162,0.2433336251775564,0.1444659210958572,0.2566657938040532,6.843096519407821,5.194369077741201,4528,,,,,,Proposed,main
ETTh2,dlinear,2,legacy,static,0.1444659210958572,0.2566657938040532,0.1444659210958572,0.2566657938040532,0.0,0.0,0,,,,,,Static,main
ETTh2,patchtst,0,legacy,cosa_global,0.1501648582403027,0.2606964405732878,0.1845296180249207,0.2912083287698548,18.62289650433082,10.477683906039958,71356,0.01,23548.0,47156.0,80.0,44.0,COSA,main
ETTh2,patchtst,0,legacy,fac_global,0.1401235964092129,0.2513810191819405,0.1845296180249207,0.2912083287698548,24.06444130270228,13.6765695391186,21408,0.01,6952.0,13928.0,0.0,0.0,FAC,main
ETTh2,patchtst,0,legacy,proposed_global,0.1443436629905083,0.257458858723918,0.1845296180249207,0.2912083287698548,21.77750946679209,11.589459061320117,4528,,,,,,Proposed,main
ETTh2,patchtst,0,legacy,static,0.1845296180249207,0.2912083287698548,0.1845296180249207,0.2912083287698548,0.0,0.0,0,,,,,,Static,main
ETTh2,patchtst,1,legacy,cosa_global,0.1526655562719441,0.2653855139310714,0.1848113271942272,0.3006248746049979,17.393831541775373,11.722037546037669,71356,0.01,23548.0,47156.0,80.0,44.0,COSA,main
ETTh2,patchtst,1,legacy,fac_global,0.1418545369144397,0.2537004476903002,0.1848113271942272,0.3006248746049979,23.24359168453033,15.608963488584717,21408,0.01,6952.0,13928.0,0.0,0.0,FAC,main
ETTh2,patchtst,1,legacy,proposed_global,0.1474495795026764,0.2628950038354141,0.1848113271942272,0.3006248746049979,20.21615680097656,12.55048199825728,4528,,,,,,Proposed,main
ETTh2,patchtst,1,legacy,static,0.1848113271942272,0.3006248746049979,0.1848113271942272,0.3006248746049979,0.0,0.0,0,,,,,,Static,main
ETTh2,patchtst,2,legacy,cosa_global,0.1552586547288287,0.2729940958791949,0.2335672807151339,0.3575223553124813,33.52722425270384,23.64278993390697,71356,0.01,23548.0,47156.0,80.0,44.0,COSA,main
ETTh2,patchtst,2,legacy,fac_global,0.1429742242200156,0.2586652803163832,0.2335672807151339,0.3575223553124813,38.78670686139829,27.650599613468973,21408,0.01,6952.0,13928.0,0.0,0.0,FAC,main
ETTh2,patchtst,2,legacy,proposed_global,0.1445888885830405,0.2603604991827051,0.2335672807151339,0.3575223553124813,38.09540097382661,27.176442168170134,4528,,,,,,Proposed,main
ETTh2,patchtst,2,legacy,static,0.2335672807151339,0.3575223553124813,0.2335672807151339,0.3575223553124813,0.0,0.0,0,,,,,,Static,main
ETTm1,dlinear,0,legacy,cosa_global,0.2512630726772998,0.327531668201386,0.2635142382218694,0.3388971904247032,4.649147471968695,3.353678503228086,71356,0.005,23548.0,47156.0,80.0,44.0,COSA,main
ETTm1,dlinear,0,legacy,fac_global,0.2384798220026535,0.3192215687371497,0.2635142382218694,0.3388971904247032,9.500213873884787,5.805778933397532,21408,0.005,6952.0,13928.0,0.0,0.0,FAC,main
ETTm1,dlinear,0,legacy,proposed_global,0.2489995465406479,0.3283530003488131,0.2635142382218694,0.3388971904247032,5.5081242589254735,3.1113241342237696,4528,,,,,,Proposed,main
ETTm1,dlinear,0,legacy,static,0.2635142382218694,0.3388971904247032,0.2635142382218694,0.3388971904247032,0.0,0.0,0,,,,,,Static,main
ETTm1,dlinear,1,legacy,cosa_global,0.2513484109029673,0.3273693536953317,0.2623566254997906,0.3376587980789954,4.195897311856589,3.047290472572395,71356,0.005,23548.0,47156.0,80.0,44.0,COSA,main
ETTm1,dlinear,1,legacy,fac_global,0.2378831156397775,0.3187374729458625,0.2623566254997906,0.3376587980789954,9.328336882436629,5.603681953729589,21408,0.005,6952.0,13928.0,0.0,0.0,FAC,main
ETTm1,dlinear,1,legacy,proposed_global,0.2470715479075588,0.3268254247306577,0.2623566254997906,0.3376587980789954,5.826068834020748,3.2083788161217157,4528,,,,,,Proposed,main
ETTm1,dlinear,1,legacy,static,0.2623566254997906,0.3376587980789954,0.2623566254997906,0.3376587980789954,0.0,0.0,0,,,,,,Static,main
ETTm1,dlinear,2,legacy,cosa_global,0.2498062622031389,0.3257931849562606,0.2612797880610634,0.3365830644421778,4.391279533357196,3.205710751905899,71356,0.005,23548.0,47156.0,80.0,44.0,COSA,main
ETTm1,dlinear,2,legacy,fac_global,0.2369237499403687,0.3175731676796075,0.2612797880610634,0.3365830644421778,9.321822518855704,5.647906496447042,21408,0.005,6952.0,13928.0,0.0,0.0,FAC,main
ETTm1,dlinear,2,legacy,proposed_global,0.2454618768339359,0.3251938778036382,0.2612797880610634,0.3365830644421778,6.054012575756806,3.3837669929754344,4528,,,,,,Proposed,main
ETTm1,dlinear,2,legacy,static,0.2612797880610634,0.3365830644421778,0.2612797880610634,0.3365830644421778,0.0,0.0,0,,,,,,Static,main
ETTm1,patchtst,0,legacy,cosa_global,0.2698892161944102,0.3402809079797365,0.3149530581001868,0.3625275199409549,14.308113779749942,6.136530535624363,71356,0.005,23548.0,47156.0,80.0,44.0,COSA,main
ETTm1,patchtst,0,legacy,fac_global,0.274370364256737,0.3419632142493851,0.3149530581001868,0.3625275199409549,12.88531506512328,5.672481276709451,21408,0.005,6952.0,13928.0,0.0,0.0,FAC,main
ETTm1,patchtst,0,legacy,proposed_global,0.2797742870956253,0.348859137339179,0.3149530581001868,0.3625275199409549,11.16952831535013,3.7703020736197135,4528,,,,,,Proposed,main
ETTm1,patchtst,0,legacy,static,0.3149530581001868,0.3625275199409549,0.3149530581001868,0.3625275199409549,0.0,0.0,0,,,,,,Static,main
ETTm1,patchtst,1,legacy,cosa_global,0.2653619046973686,0.3395852627643404,0.3319671501115122,0.3747531882814636,20.06380613014569,9.384289878465236,71356,0.005,23548.0,47156.0,80.0,44.0,COSA,main
ETTm1,patchtst,1,legacy,fac_global,0.2580232016211155,0.3347295310498507,0.3319671501115122,0.3747531882814636,22.274477599834164,10.680004462444382,21408,0.005,6952.0,13928.0,0.0,0.0,FAC,main
ETTm1,patchtst,1,legacy,proposed_global,0.2735174361188676,0.3463188895938296,0.3319671501115122,0.3747531882814636,17.60707768012906,7.587473456337335,4528,,,,,,Proposed,main
ETTm1,patchtst,1,legacy,static,0.3319671501115122,0.3747531882814636,0.3319671501115122,0.3747531882814636,0.0,0.0,0,,,,,,Static,main
ETTm1,patchtst,2,legacy,cosa_global,0.2695962832273907,0.33581207697303,0.3215011110080603,0.3614150700545652,16.144525167556335,7.084096708438247,71356,0.001,23548.0,47156.0,80.0,44.0,COSA,main
ETTm1,patchtst,2,legacy,fac_global,0.2573693819588819,0.3310596221297788,0.3215011110080603,0.3614150700545652,19.947591735560287,8.399054284095975,21408,0.005,6952.0,13928.0,0.0,0.0,FAC,main
ETTm1,patchtst,2,legacy,proposed_global,0.271023119852527,0.3395643945429406,0.3215011110080603,0.3614150700545652,15.700720596971063,6.0458672927849015,4528,,,,,,Proposed,main
ETTm1,patchtst,2,legacy,static,0.3215011110080603,0.3614150700545652,0.3215011110080603,0.3614150700545652,0.0,0.0,0,,,,,,Static,main
ETTm2,dlinear,0,legacy,cosa_global,0.0957273613752116,0.2049323814340582,0.097113619184869,0.208330245521075,1.427459733550318,1.6309989356168897,71356,0.001,23548.0,47156.0,80.0,44.0,COSA,main
ETTm2,dlinear,0,legacy,fac_global,0.0917687517305801,0.2007559707909359,0.097113619184869,0.208330245521075,5.503725944055493,3.635705757075447,21408,0.01,6952.0,13928.0,0.0,0.0,FAC,main
ETTm2,dlinear,0,legacy,proposed_global,0.0890409509644331,0.1973743758321745,0.097113619184869,0.208330245521075,8.31260155701592,5.2588953953842665,4528,,,,,,Proposed,main
ETTm2,dlinear,0,legacy,static,0.097113619184869,0.208330245521075,0.097113619184869,0.208330245521075,0.0,0.0,0,,,,,,Static,main
ETTm2,dlinear,1,legacy,cosa_global,0.0952542680170732,0.2036478684940703,0.096637098592759,0.2062022960647236,1.4309520834365983,1.2387968608513875,71356,0.001,23548.0,47156.0,80.0,44.0,COSA,main
ETTm2,dlinear,1,legacy,fac_global,0.0916840235053977,0.200187419847616,0.096637098592759,0.2062022960647236,5.1254385318771245,2.9169782935974498,21408,0.01,6952.0,13928.0,0.0,0.0,FAC,main
ETTm2,dlinear,1,legacy,proposed_global,0.0898213047179541,0.1984785017541972,0.096637098592759,0.2062022960647236,7.052978591097315,3.7457363268651234,4528,,,,,,Proposed,main
ETTm2,dlinear,1,legacy,static,0.096637098592759,0.2062022960647236,0.096637098592759,0.2062022960647236,0.0,0.0,0,,,,,,Static,main
ETTm2,dlinear,2,legacy,cosa_global,0.0947791303477816,0.2031278726187366,0.0959383208140483,0.2057721404966215,1.2082663699248042,1.2850465915857925,71356,0.001,23548.0,47156.0,80.0,44.0,COSA,main
ETTm2,dlinear,2,legacy,fac_global,0.090888365380564,0.199303693392805,0.0959383208140483,0.2057721404966215,5.263752159340374,3.1434999355137605,21408,0.01,6952.0,13928.0,0.0,0.0,FAC,main
ETTm2,dlinear,2,legacy,proposed_global,0.088758866235446,0.1969599737408184,0.0959383208140483,0.2057721404966215,7.483406544625559,4.28248777241439,4528,,,,,,Proposed,main
ETTm2,dlinear,2,legacy,static,0.0959383208140483,0.2057721404966215,0.0959383208140483,0.2057721404966215,0.0,0.0,0,,,,,,Static,main
ETTm2,patchtst,0,legacy,cosa_global,0.0993113020154081,0.2072272476407071,0.1215281886361415,0.2340904681503668,18.281262043040325,11.475572124707046,71356,0.001,23548.0,47156.0,80.0,44.0,COSA,main
ETTm2,patchtst,0,legacy,fac_global,0.0940569950560998,0.2009453165231993,0.1215281886361415,0.2340904681503668,22.604791438380712,14.1591205695214,21408,0.01,6952.0,13928.0,0.0,0.0,FAC,main
ETTm2,patchtst,0,legacy,proposed_global,0.093085032923777,0.2016604208158659,0.1215281886361415,0.2340904681503668,23.404574717659955,13.853638548695455,4528,,,,,,Proposed,main
ETTm2,patchtst,0,legacy,static,0.1215281886361415,0.2340904681503668,0.1215281886361415,0.2340904681503668,0.0,0.0,0,,,,,,Static,main
ETTm2,patchtst,1,legacy,cosa_global,0.1009933305103054,0.2103507834909022,0.1086063531218815,0.2189022877298879,7.009739663233628,3.906539455420266,71356,0.001,23548.0,47156.0,80.0,44.0,COSA,main
ETTm2,patchtst,1,legacy,fac_global,0.0941902513984356,0.2014545196649721,0.1086063531218815,0.2189022877298879,13.273718626080475,7.970573649940693,21408,0.005,6952.0,13928.0,0.0,0.0,FAC,main
ETTm2,patchtst,1,legacy,proposed_global,0.0945828622305326,0.2039550493599656,0.1086063531218815,0.2189022877298879,12.912219670622138,6.828269601442571,4528,,,,,,Proposed,main
ETTm2,patchtst,1,legacy,static,0.1086063531218815,0.2189022877298879,0.1086063531218815,0.2189022877298879,0.0,0.0,0,,,,,,Static,main
ETTm2,patchtst,2,legacy,cosa_global,0.1014788845521508,0.2146897548767137,0.1181136857595896,0.2356635782040746,14.083720358449792,8.899900225226343,71356,0.005,23548.0,47156.0,80.0,44.0,COSA,main
ETTm2,patchtst,2,legacy,fac_global,0.096094006939975,0.2057319740242547,0.1181136857595896,0.2356635782040746,18.642783584311985,12.700988590566345,21408,0.01,6952.0,13928.0,0.0,0.0,FAC,main
ETTm2,patchtst,2,legacy,proposed_global,0.0950628131140407,0.2069605822163414,0.1181136857595896,0.2356635782040746,19.51583552516257,12.179648720634152,4528,,,,,,Proposed,main
ETTm2,patchtst,2,legacy,static,0.1181136857595896,0.2356635782040746,0.1181136857595896,0.2356635782040746,0.0,0.0,0,,,,,,Static,main
appliances,dlinear,0,legacy,cosa_global,0.2188340665335418,0.2808102508690516,0.2325691323577364,0.2880679854013931,5.905799142367463,2.519451969724651,263256,0.005,87464.0,175140.0,80.0,44.0,COSA,main
appliances,dlinear,0,legacy,fac_global,0.1862438746355756,0.2566594617658656,0.2325691323577364,0.2880679854013931,19.91891927038002,10.903163568059435,77952,0.01,25800.0,51624.0,0.0,0.0,FAC,main
appliances,dlinear,0,legacy,proposed_global,0.184437776620477,0.2491724253073202,0.2325691323577364,0.2880679854013931,20.69550470834799,13.502215471766476,13192,,,,,,Proposed,main
appliances,dlinear,0,legacy,static,0.2325691323577364,0.2880679854013931,0.2325691323577364,0.2880679854013931,0.0,0.0,0,,,,,,Static,main
appliances,dlinear,1,legacy,cosa_global,0.2179973107459886,0.2815010028971214,0.2338600692508775,0.2927677249626007,6.783012831434632,3.848348402105661,263256,0.005,87464.0,175140.0,80.0,44.0,COSA,main
appliances,dlinear,1,legacy,fac_global,0.1861368353770681,0.2564215048650535,0.2338600692508775,0.2927677249626007,20.40674751644476,12.414694994876996,77952,0.01,25800.0,51624.0,0.0,0.0,FAC,main
appliances,dlinear,1,legacy,proposed_global,0.1843014865684048,0.2488718778808466,0.2338600692508775,0.2927677249626007,21.19155392420067,14.993403759707991,13192,,,,,,Proposed,main
appliances,dlinear,1,legacy,static,0.2338600692508775,0.2927677249626007,0.2338600692508775,0.2927677249626007,0.0,0.0,0,,,,,,Static,main
appliances,dlinear,2,legacy,cosa_global,0.2190090749396952,0.2834253407087497,0.2466048524107625,0.3041905111067944,11.19028161907446,6.826370198889775,263256,0.005,87464.0,175140.0,80.0,44.0,COSA,main
appliances,dlinear,2,legacy,fac_global,0.1863040765564128,0.25721346803987,0.2466048524107625,0.3041905111067944,24.452388209258924,15.443296668261898,77952,0.01,25800.0,51624.0,0.0,0.0,FAC,main
appliances,dlinear,2,legacy,proposed_global,0.1840649861975555,0.2494699198992756,0.2466048524107625,0.3041905111067944,25.360355078916356,17.988921156159144,13192,,,,,,Proposed,main
appliances,dlinear,2,legacy,static,0.2466048524107625,0.3041905111067944,0.2466048524107625,0.3041905111067944,0.0,0.0,0,,,,,,Static,main
appliances,patchtst,0,legacy,cosa_global,0.2029855265905063,0.2662095673534917,0.4215198580785002,0.3737964312429307,51.84437394816543,28.78220734523765,263256,0.005,87464.0,175140.0,80.0,44.0,COSA,main
appliances,patchtst,0,legacy,fac_global,0.191259181530551,0.262104811555776,0.4215198580785002,0.3737964312429307,54.626293906435,29.880333345014275,77952,0.005,25800.0,51624.0,0.0,0.0,FAC,main
appliances,patchtst,0,legacy,proposed_global,0.1854737505249419,0.2507248473865242,0.4215198580785002,0.3737964312429307,55.99881073920818,32.924761600097284,13192,,,,,,Proposed,main
appliances,patchtst,0,legacy,static,0.4215198580785002,0.3737964312429307,0.4215198580785002,0.3737964312429307,0.0,0.0,0,,,,,,Static,main
appliances,patchtst,1,legacy,cosa_global,0.2052831905119179,0.2712902133872213,0.4488101578057486,0.3891468014261809,54.26057388817671,30.285894065434405,263256,0.005,87464.0,175140.0,80.0,44.0,COSA,main
appliances,patchtst,1,legacy,fac_global,0.1927187225863788,0.2641909639616851,0.4488101578057486,0.3891468014261809,57.0600800283602,32.11020545628184,77952,0.005,25800.0,51624.0,0.0,0.0,FAC,main
appliances,patchtst,1,legacy,proposed_global,0.1854030130197411,0.2519331729061035,0.4488101578057486,0.3891468014261809,58.69010319949438,35.26011983580598,13192,,,,,,Proposed,main
appliances,patchtst,1,legacy,static,0.4488101578057486,0.3891468014261809,0.4488101578057486,0.3891468014261809,0.0,0.0,0,,,,,,Static,main
appliances,patchtst,2,legacy,cosa_global,0.2063679373007232,0.270701470001463,0.4399032140442658,0.3861921650488502,53.08787689831309,29.90498137961409,263256,0.001,87464.0,175140.0,80.0,44.0,COSA,main
appliances,patchtst,2,legacy,fac_global,0.1901131368687195,0.2596726406847807,0.4399032140442658,0.3861921650488502,56.78296252466362,32.76076933048753,77952,0.005,25800.0,51624.0,0.0,0.0,FAC,main
appliances,patchtst,2,legacy,proposed_global,0.1830377252174576,0.2496097980319374,0.4399032140442658,0.3861921650488502,58.391364424302814,35.36642619345636,13192,,,,,,Proposed,main
appliances,patchtst,2,legacy,static,0.4399032140442658,0.3861921650488502,0.4399032140442658,0.3861921650488502,0.0,0.0,0,,,,,,Static,main
bdg2,dlinear,0,legacy,cosa_global,0.2015839452986546,0.2864731274375481,0.2169297286897772,0.3063098620758142,7.07408038714139,6.476035248697398,152156,0.005,50460.0,101044.0,80.0,44.0,COSA,main
bdg2,dlinear,0,legacy,fac_global,0.1999210474852892,0.2862502540328223,0.2169297286897772,0.3063098620758142,7.840640979554935,6.548796015593839,45216,0.01,14888.0,29800.0,0.0,0.0,FAC,main
bdg2,dlinear,0,legacy,proposed_global,0.1931369060846976,0.281471842566957,0.2169297286897772,0.3063098620758142,10.967986153297035,8.108788708445047,8176,,,,,,Proposed,main
bdg2,dlinear,0,legacy,static,0.2169297286897772,0.3063098620758142,0.2169297286897772,0.3063098620758142,0.0,0.0,0,,,,,,Static,main
bdg2,dlinear,1,legacy,cosa_global,0.1997095827817962,0.2855550466894044,0.2259040573703685,0.3231701026239107,11.595398016967252,11.63939845582832,152156,0.005,50460.0,101044.0,80.0,44.0,COSA,main
bdg2,dlinear,1,legacy,fac_global,0.1986540220767774,0.2863700716600849,0.2259040573703685,0.3231701026239107,12.062658639598856,11.387201558880534,45216,0.01,14888.0,29800.0,0.0,0.0,FAC,main
bdg2,dlinear,1,legacy,proposed_global,0.1926182807618126,0.2832497089220179,0.2259040573703685,0.3231701026239107,14.734474889923764,12.352749644155724,8176,,,,,,Proposed,main
bdg2,dlinear,1,legacy,static,0.2259040573703685,0.3231701026239107,0.2259040573703685,0.3231701026239107,0.0,0.0,0,,,,,,Static,main
bdg2,dlinear,2,legacy,cosa_global,0.2003214285835264,0.2840089516809325,0.2192738890418393,0.3102973736013715,8.6432819434769,8.47200916183417,152156,0.005,50460.0,101044.0,80.0,44.0,COSA,main
bdg2,dlinear,2,legacy,fac_global,0.1982238899704708,0.283792144784397,0.2192738890418393,0.3102973736013715,9.599865794942865,8.54187984556547,45216,0.01,14888.0,29800.0,0.0,0.0,FAC,main
bdg2,dlinear,2,legacy,proposed_global,0.192867964470807,0.2810598340009145,0.2192738890418393,0.3102973736013715,12.042439109562109,9.422425739902485,8176,,,,,,Proposed,main
bdg2,dlinear,2,legacy,static,0.2192738890418393,0.3102973736013715,0.2192738890418393,0.3102973736013715,0.0,0.0,0,,,,,,Static,main
bdg2,patchtst,0,legacy,cosa_global,0.190286428810205,0.2860890552078961,0.2203223735026798,0.3221009568288342,13.632725635151845,11.180315009146325,152156,0.005,50460.0,101044.0,80.0,44.0,COSA,main
bdg2,patchtst,0,legacy,fac_global,0.1865181107160678,0.2847017845147012,0.2203223735026798,0.3221009568288342,15.343091239075102,11.611009381138548,45216,0.01,14888.0,29800.0,0.0,0.0,FAC,main
bdg2,patchtst,0,legacy,proposed_global,0.1870291434142785,0.2863790966806185,0.2203223735026798,0.3221009568288342,15.111143529867766,11.090268250025224,8176,,,,,,Proposed,main
bdg2,patchtst,0,legacy,static,0.2203223735026798,0.3221009568288342,0.2203223735026798,0.3221009568288342,0.0,0.0,0,,,,,,Static,main
bdg2,patchtst,1,legacy,cosa_global,0.1926083304686966,0.287921317497799,0.222506379709443,0.3198445830291457,13.436940226068304,9.980867966876817,152156,0.005,50460.0,101044.0,80.0,44.0,COSA,main
bdg2,patchtst,1,legacy,fac_global,0.1873386953747402,0.2834659067591264,0.222506379709443,0.3198445830291457,15.805247643068045,11.373860368522903,45216,0.01,14888.0,29800.0,0.0,0.0,FAC,main
bdg2,patchtst,1,legacy,proposed_global,0.1909400801872131,0.2899894452927979,0.222506379709443,0.3198445830291457,14.186694135894165,9.334263989591252,8176,,,,,,Proposed,main
bdg2,patchtst,1,legacy,static,0.222506379709443,0.3198445830291457,0.222506379709443,0.3198445830291457,0.0,0.0,0,,,,,,Static,main
bdg2,patchtst,2,legacy,cosa_global,0.1909210300489016,0.2860739401259383,0.2180406520239773,0.3190164642622972,12.437874186916954,10.326277113169123,152156,0.005,50460.0,101044.0,80.0,44.0,COSA,main
bdg2,patchtst,2,legacy,fac_global,0.1871507486472537,0.283713112114923,0.2180406520239773,0.3190164642622972,14.16703861870985,11.066310395299084,45216,0.01,14888.0,29800.0,0.0,0.0,FAC,main
bdg2,patchtst,2,legacy,proposed_global,0.1886286543389637,0.2878460762759816,0.2180406520239773,0.3190164642622972,13.489226624482487,9.770777210008564,8176,,,,,,Proposed,main
bdg2,patchtst,2,legacy,static,0.2180406520239773,0.3190164642622972,0.2180406520239773,0.3190164642622972,0.0,0.0,0,,,,,,Static,main
ETTh1,dlinear,0,refit,cosa_global,0.3934100989453348,0.4000495770659926,0.3998238508098548,0.4078866380694987,1.6041443879670323,1.9213821371051765,71356,0.005,23548.0,47156.0,80.0,44.0,COSA,main
ETTh1,dlinear,0,refit,fac_global,0.3855929749955318,0.3967562712395774,0.3998238508098548,0.4078866380694987,3.559286367108394,2.728789274049448,21408,0.01,6952.0,13928.0,0.0,0.0,FAC,main
ETTh1,dlinear,0,refit,proposed_global,0.3585637688165001,0.3870227304763065,0.3998238508098548,0.4078866380694987,10.319564955862726,5.115124067789967,4528,,,,,,Proposed,main
ETTh1,dlinear,0,refit,static,0.3998238508098548,0.4078866380694987,0.3998238508098548,0.4078866380694987,0.0,0.0,0,,,,,,Static,main
ETTh1,dlinear,1,refit,cosa_global,0.3964210169170455,0.4007483462383612,0.399613224127353,0.4060846825409959,0.7988242174113314,1.314094456664472,71356,0.005,23548.0,47156.0,80.0,44.0,COSA,main
ETTh1,dlinear,1,refit,fac_global,0.3887458065627063,0.3973259470624113,0.399613224127353,0.4060846825409959,2.7194839681239813,2.156874133685238,21408,0.01,6952.0,13928.0,0.0,0.0,FAC,main
ETTh1,dlinear,1,refit,proposed_global,0.3608421020360575,0.3880252266088111,0.399613224127353,0.4060846825409959,9.702161928189724,4.447214265552013,4528,,,,,,Proposed,main
ETTh1,dlinear,1,refit,static,0.399613224127353,0.4060846825409959,0.399613224127353,0.4060846825409959,0.0,0.0,0,,,,,,Static,main
ETTh1,dlinear,2,refit,cosa_global,0.3871401353479088,0.3946109684619541,0.3893195080572348,0.3986060351106976,0.5597902658927789,1.0022594483884315,71356,0.005,23548.0,47156.0,80.0,44.0,COSA,main
ETTh1,dlinear,2,refit,fac_global,0.3790911386953938,0.3916211803855101,0.3893195080572348,0.3986060351106976,2.62724295858745,1.7523203639522755,21408,0.005,6952.0,13928.0,0.0,0.0,FAC,main
ETTh1,dlinear,2,refit,proposed_global,0.3562006101043464,0.384175272350205,0.3893195080572348,0.3986060351106976,8.506868334997364,3.620307142736823,4528,,,,,,Proposed,main
ETTh1,dlinear,2,refit,static,0.3893195080572348,0.3986060351106976,0.3893195080572348,0.3986060351106976,0.0,0.0,0,,,,,,Static,main
ETTh1,patchtst,0,refit,cosa_global,0.4056864937917616,0.41772460080751,0.4210708479325172,0.4299823023893913,3.6536260385381047,2.85074560365991,71356,0.01,23548.0,47156.0,80.0,44.0,COSA,main
ETTh1,patchtst,0,refit,fac_global,0.3906224237906042,0.4093420895697288,0.4210708479325172,0.4299823023893913,7.231187884750645,4.80024705783606,21408,0.01,6952.0,13928.0,0.0,0.0,FAC,main
ETTh1,patchtst,0,refit,proposed_global,0.3682896468156083,0.4020124153276266,0.4210708479325172,0.4299823023893913,12.53499295333974,6.504892621472402,4528,,,,,,Proposed,main
ETTh1,patchtst,0,refit,static,0.4210708479325172,0.4299823023893913,0.4210708479325172,0.4299823023893913,0.0,0.0,0,,,,,,Static,main
ETTh1,patchtst,1,refit,cosa_global,0.4127459395592999,0.419512975267541,0.4327461583775901,0.43359457234559,4.621697600568664,3.247641454982386,71356,0.01,23548.0,47156.0,80.0,44.0,COSA,main
ETTh1,patchtst,1,refit,fac_global,0.4013326994299072,0.4115520863217569,0.4327461583775901,0.43359457234559,7.259095971054985,5.08366281076611,21408,0.01,6952.0,13928.0,0.0,0.0,FAC,main
ETTh1,patchtst,1,refit,proposed_global,0.3770845945630566,0.4075703876523563,0.4327461583775901,0.43359457234559,12.862405069802218,6.001962744241062,4528,,,,,,Proposed,main
ETTh1,patchtst,1,refit,static,0.4327461583775901,0.43359457234559,0.4327461583775901,0.43359457234559,0.0,0.0,0,,,,,,Static,main
ETTh1,patchtst,2,refit,cosa_global,0.4106154677843835,0.4211145620140443,0.4260292238720576,0.4393147040350108,3.618004405327613,4.142848362188234,71356,0.01,23548.0,47156.0,80.0,44.0,COSA,main
ETTh1,patchtst,2,refit,fac_global,0.4010954371749851,0.4125644390418988,0.4260292238720576,0.4393147040350108,5.852600079979597,6.089089381123958,21408,0.01,6952.0,13928.0,0.0,0.0,FAC,main
ETTh1,patchtst,2,refit,proposed_global,0.3733524877631349,0.4072944579371222,0.4260292238720576,0.4393147040350108,12.364582793208156,7.288680711979268,4528,,,,,,Proposed,main
ETTh1,patchtst,2,refit,static,0.4260292238720576,0.4393147040350108,0.4260292238720576,0.4393147040350108,0.0,0.0,0,,,,,,Static,main
ETTh2,dlinear,0,refit,cosa_global,0.1471398322722192,0.2601627514678482,0.1574857800899883,0.2735780288993586,6.569448880944906,4.903638455720261,71356,0.0001,23548.0,47156.0,80.0,44.0,COSA,main
ETTh2,dlinear,0,refit,fac_global,0.1543387370081858,0.2697087593481682,0.1574857800899883,0.2735780288993586,1.9983030086933584,1.414320282501147,21408,0.0001,6952.0,13928.0,0.0,0.0,FAC,main
ETTh2,dlinear,0,refit,proposed_global,0.1364696752856624,0.2452559243926229,0.1574857800899883,0.2735780288993586,13.344763439795717,10.352477726621334,4528,,,,,,Proposed,main
ETTh2,dlinear,0,refit,static,0.1574857800899883,0.2735780288993586,0.1574857800899883,0.2735780288993586,0.0,0.0,0,,,,,,Static,main
ETTh2,dlinear,1,refit,cosa_global,0.1355764859401828,0.2452177844092058,0.1410646462955559,0.2533221605139915,3.890528562255391,3.1992369275320565,71356,0.001,23548.0,47156.0,80.0,44.0,COSA,main
ETTh2,dlinear,1,refit,fac_global,0.1362556369171881,0.2467324577313447,0.1410646462955559,0.2533221605139915,3.409081938427083,2.6013131931593603,21408,0.01,6952.0,13928.0,0.0,0.0,FAC,main
ETTh2,dlinear,1,refit,proposed_global,0.1329272536126192,0.2415471596314914,0.1410646462955559,0.2533221605139915,5.768555691755206,4.648231666194757,4528,,,,,,Proposed,main
ETTh2,dlinear,1,refit,static,0.1410646462955559,0.2533221605139915,0.1410646462955559,0.2533221605139915,0.0,0.0,0,,,,,,Static,main
ETTh2,dlinear,2,refit,cosa_global,0.1411200834185214,0.2510297430090702,0.1505263982113729,0.2632415475578891,6.248946965198055,4.639011076370226,71356,0.005,23548.0,47156.0,80.0,44.0,COSA,main
ETTh2,dlinear,2,refit,fac_global,0.1365451495489389,0.2477833062285236,0.1505263982113729,0.2632415475578891,9.28823703255105,5.8722650253247295,21408,0.005,6952.0,13928.0,0.0,0.0,FAC,main
ETTh2,dlinear,2,refit,proposed_global,0.1343851508662235,0.2434446102896359,0.1505263982113729,0.2632415475578891,10.723200406671207,7.5204455572879025,4528,,,,,,Proposed,main
ETTh2,dlinear,2,refit,static,0.1505263982113729,0.2632415475578891,0.1505263982113729,0.2632415475578891,0.0,0.0,0,,,,,,Static,main
ETTh2,patchtst,0,refit,cosa_global,0.1463176400776359,0.2570048257663027,0.1539243298690109,0.2659269570677059,4.94183719873803,3.355106003462327,71356,0.01,23548.0,47156.0,80.0,44.0,COSA,main
ETTh2,patchtst,0,refit,fac_global,0.1384850285278051,0.248220583303227,0.1539243298690109,0.2659269570677059,10.030448957838356,6.658359859309337,21408,0.01,6952.0,13928.0,0.0,0.0,FAC,main
ETTh2,patchtst,0,refit,proposed_global,0.1404884250149456,0.2524564467539685,0.1539243298690109,0.2659269570677059,8.72890261435556,5.06549259325666,4528,,,,,,Proposed,main
ETTh2,patchtst,0,refit,static,0.1539243298690109,0.2659269570677059,0.1539243298690109,0.2659269570677059,0.0,0.0,0,,,,,,Static,main
ETTh2,patchtst,1,refit,cosa_global,0.1493898785264963,0.2684531080059784,0.1664075379820362,0.3015645126549745,10.226495543355163,10.979874374966492,71356,0.01,23548.0,47156.0,80.0,44.0,COSA,main
ETTh2,patchtst,1,refit,fac_global,0.141136293715675,0.2563787934076333,0.1664075379820362,0.3015645126549745,15.186357885475864,14.983765446910846,21408,0.01,6952.0,13928.0,0.0,0.0,FAC,main
ETTh2,patchtst,1,refit,proposed_global,0.1406610578944936,0.2536241420404355,0.1664075379820362,0.3015645126549745,15.471943398574906,15.897218871170193,4528,,,,,,Proposed,main
ETTh2,patchtst,1,refit,static,0.1664075379820362,0.3015645126549745,0.1664075379820362,0.3015645126549745,0.0,0.0,0,,,,,,Static,main
ETTh2,patchtst,2,refit,cosa_global,0.1466394352321569,0.2552639187488462,0.1599854921813644,0.2673008961640642,8.342041998456972,4.503156400878661,71356,0.01,23548.0,47156.0,80.0,44.0,COSA,main
ETTh2,patchtst,2,refit,fac_global,0.1396842525771073,0.248895319885409,0.1599854921813644,0.2673008961640642,12.689425351920702,6.885714392576602,21408,0.01,6952.0,13928.0,0.0,0.0,FAC,main
ETTh2,patchtst,2,refit,proposed_global,0.1356316596614607,0.2460192242518226,0.1599854921813644,0.2673008961640642,15.22252561019437,7.961691194323328,4528,,,,,,Proposed,main
ETTh2,patchtst,2,refit,static,0.1599854921813644,0.2673008961640642,0.1599854921813644,0.2673008961640642,0.0,0.0,0,,,,,,Static,main
ETTm1,dlinear,0,refit,cosa_global,0.2520044548033705,0.3273260696605535,0.2640003862547807,0.3391195211912549,4.543906780436736,3.4776681357869155,71356,0.005,23548.0,47156.0,80.0,44.0,COSA,main
ETTm1,dlinear,0,refit,fac_global,0.2370852635194643,0.3184479342820482,0.2640003862547807,0.3391195211912549,10.195107331904108,6.095664099958576,21408,0.005,6952.0,13928.0,0.0,0.0,FAC,main
ETTm1,dlinear,0,refit,proposed_global,0.2479582679330431,0.3280605525434759,0.2640003862547807,0.3391195211912549,6.076551079836545,3.261082879844601,4528,,,,,,Proposed,main
ETTm1,dlinear,0,refit,static,0.2640003862547807,0.3391195211912549,0.2640003862547807,0.3391195211912549,0.0,0.0,0,,,,,,Static,main
ETTm1,dlinear,1,refit,cosa_global,0.250848882487885,0.328136891977911,0.2714258901522036,0.3471124218506221,7.581077712512963,5.466681305020272,71356,0.005,23548.0,47156.0,80.0,44.0,COSA,main
ETTm1,dlinear,1,refit,fac_global,0.2355730256654378,0.317921465640097,0.2714258901522036,0.3471124218506221,13.209080558476238,8.409654732289384,21408,0.005,6952.0,13928.0,0.0,0.0,FAC,main
ETTm1,dlinear,1,refit,proposed_global,0.2528778484227444,0.3329891538814917,0.2714258901522036,0.3471124218506221,6.8335565627355095,4.068787827826082,4528,,,,,,Proposed,main
ETTm1,dlinear,1,refit,static,0.2714258901522036,0.3471124218506221,0.2714258901522036,0.3471124218506221,0.0,0.0,0,,,,,,Static,main
ETTm1,dlinear,2,refit,cosa_global,0.2436224373417068,0.3219034366648566,0.2553406141308771,0.3337978190333603,4.589233416335404,3.5633493361186264,71356,0.005,23548.0,47156.0,80.0,44.0,COSA,main
ETTm1,dlinear,2,refit,fac_global,0.2334540083837317,0.3145234470625235,0.2553406141308771,0.3337978190333603,8.571533291577015,5.774265400131496,21408,0.005,6952.0,13928.0,0.0,0.0,FAC,main
ETTm1,dlinear,2,refit,proposed_global,0.2380417551735924,0.318137641876286,0.2553406141308771,0.3337978190333603,6.774816852448707,4.691515721230399,4528,,,,,,Proposed,main
ETTm1,dlinear,2,refit,static,0.2553406141308771,0.3337978190333603,0.2553406141308771,0.3337978190333603,0.0,0.0,0,,,,,,Static,main
ETTm1,patchtst,0,refit,cosa_global,0.2619192306840319,0.3343182378729548,0.3202909894711341,0.359831511157885,18.22460222296165,7.090338809636831,71356,0.005,23548.0,47156.0,80.0,44.0,COSA,main
ETTm1,patchtst,0,refit,fac_global,0.2699339772159758,0.3376546660809736,0.3202909894711341,0.359831511157885,15.722269408299006,6.163119234763403,21408,0.005,6952.0,13928.0,0.0,0.0,FAC,main
ETTm1,patchtst,0,refit,proposed_global,0.2738698740656219,0.3438358185649789,0.3202909894711341,0.359831511157885,14.493419088112011,4.44532846537935,4528,,,,,,Proposed,main
ETTm1,patchtst,0,refit,static,0.3202909894711341,0.359831511157885,0.3202909894711341,0.359831511157885,0.0,0.0,0,,,,,,Static,main
ETTm1,patchtst,1,refit,cosa_global,0.2588808086042441,0.3371136876054547,0.3116047794356253,0.3632477510041613,16.92014189476625,7.19455614699932,71356,0.005,23548.0,47156.0,80.0,44.0,COSA,main
ETTm1,patchtst,1,refit,fac_global,0.2532753873556967,0.3333132453450805,0.3116047794356253,0.3632477510041613,18.719029979441917,8.24079586902602,21408,0.005,6952.0,13928.0,0.0,0.0,FAC,main
ETTm1,patchtst,1,refit,proposed_global,0.2687833656220108,0.3455428977468173,0.3116047794356253,0.3632477510041613,13.74221983731192,4.874043461632127,4528,,,,,,Proposed,main
ETTm1,patchtst,1,refit,static,0.3116047794356253,0.3632477510041613,0.3116047794356253,0.3632477510041613,0.0,0.0,0,,,,,,Static,main
ETTm1,patchtst,2,refit,cosa_global,0.2663928339121624,0.3306366972977322,0.2998470838676395,0.3471134999125111,11.15710365562359,4.746805473982397,71356,0.001,23548.0,47156.0,80.0,44.0,COSA,main
ETTm1,patchtst,2,refit,fac_global,0.2520716449356336,0.3245797033773809,0.2998470838676395,0.3471134999125111,15.933267822973129,6.491766105556184,21408,0.005,6952.0,13928.0,0.0,0.0,FAC,main
ETTm1,patchtst,2,refit,proposed_global,0.2639398912411019,0.3354681001519315,0.2998470838676395,0.3471134999125111,11.97516819686264,3.3549256262043525,4528,,,,,,Proposed,main
ETTm1,patchtst,2,refit,static,0.2998470838676395,0.3471134999125111,0.2998470838676395,0.3471134999125111,0.0,0.0,0,,,,,,Static,main
ETTm2,dlinear,0,refit,cosa_global,0.0971316130799497,0.206588879229561,0.1020296539490167,0.2151515579462906,4.8006051961271385,3.979835795038533,71356,0.001,23548.0,47156.0,80.0,44.0,COSA,main
ETTm2,dlinear,0,refit,fac_global,0.0919358681125012,0.2015033545817889,0.1020296539490167,0.2151515579462906,9.892992327073124,6.3435298794855655,21408,0.01,6952.0,13928.0,0.0,0.0,FAC,main
ETTm2,dlinear,0,refit,proposed_global,0.0893893697645368,0.1976403207803849,0.1020296539490167,0.2151515579462906,12.388833731413108,8.13902410610341,4528,,,,,,Proposed,main
ETTm2,dlinear,0,refit,static,0.1020296539490167,0.2151515579462906,0.1020296539490167,0.2151515579462906,0.0,0.0,0,,,,,,Static,main
ETTm2,dlinear,1,refit,cosa_global,0.0975169883155026,0.2071969809404222,0.1037356796600981,0.2172191392258056,5.994746807435702,4.613846791357101,71356,0.001,23548.0,47156.0,80.0,44.0,COSA,main
ETTm2,dlinear,1,refit,fac_global,0.0920414544709048,0.2017169372606417,0.1037356796600981,0.2172191392258056,11.273098347175017,7.136664853942232,21408,0.01,6952.0,13928.0,0.0,0.0,FAC,main
ETTm2,dlinear,1,refit,proposed_global,0.0900226286618111,0.1989936260780635,0.1037356796600981,0.2172191392258056,13.219223167206618,8.390380890330363,4528,,,,,,Proposed,main
ETTm2,dlinear,1,refit,static,0.1037356796600981,0.2172191392258056,0.1037356796600981,0.2172191392258056,0.0,0.0,0,,,,,,Static,main
ETTm2,dlinear,2,refit,cosa_global,0.0956602711079681,0.2049900383840774,0.1031248961800945,0.2162797652883893,7.238431599572593,5.219964470212057,71356,0.001,23548.0,47156.0,80.0,44.0,COSA,main
ETTm2,dlinear,2,refit,fac_global,0.092363853324129,0.2018055758715383,0.1031248961800945,0.2162797652883893,10.4349611534859,6.692345628150176,21408,0.01,6952.0,13928.0,0.0,0.0,FAC,main
ETTm2,dlinear,2,refit,proposed_global,0.0900704216937655,0.1995621796154277,0.1031248961800945,0.2162797652883893,12.65889709457847,7.729611529155411,4528,,,,,,Proposed,main
ETTm2,dlinear,2,refit,static,0.1031248961800945,0.2162797652883893,0.1031248961800945,0.2162797652883893,0.0,0.0,0,,,,,,Static,main
ETTm2,patchtst,0,refit,cosa_global,0.0934021266742349,0.2027897434196124,0.1284445097311802,0.2427223750192445,27.28211827059408,16.451977942481,71356,0.001,23548.0,47156.0,80.0,44.0,COSA,main
ETTm2,patchtst,0,refit,fac_global,0.0941309792458624,0.2021866745835533,0.1284445097311802,0.2427223750192445,26.71467278526125,16.700438281587047,21408,0.01,6952.0,13928.0,0.0,0.0,FAC,main
ETTm2,patchtst,0,refit,proposed_global,0.0885980855760418,0.197135540328033,0.1284445097311802,0.2427223750192445,31.02228677467991,18.78147191316707,4528,,,,,,Proposed,main
ETTm2,patchtst,0,refit,static,0.1284445097311802,0.2427223750192445,0.1284445097311802,0.2427223750192445,0.0,0.0,0,,,,,,Static,main
ETTm2,patchtst,1,refit,cosa_global,0.098210630636991,0.2092246495153715,0.1130723924280687,0.231368989480443,13.14358126855062,9.571006043116824,71356,0.001,23548.0,47156.0,80.0,44.0,COSA,main
ETTm2,patchtst,1,refit,fac_global,0.0932763462576658,0.2025163748460502,0.1130723924280687,0.231368989480443,17.50740896633647,12.470389700531436,21408,0.005,6952.0,13928.0,0.0,0.0,FAC,main
ETTm2,patchtst,1,refit,proposed_global,0.0913764982020784,0.2017103907428258,0.1130723924280687,0.231368989480443,19.18761402328354,12.818744121335335,4528,,,,,,Proposed,main
ETTm2,patchtst,1,refit,static,0.1130723924280687,0.231368989480443,0.1130723924280687,0.231368989480443,0.0,0.0,0,,,,,,Static,main
ETTm2,patchtst,2,refit,cosa_global,0.1000832238043571,0.2138956124590134,0.1116529630209008,0.2344577541349283,10.362232137429206,8.770083869387202,71356,0.005,23548.0,47156.0,80.0,44.0,COSA,main
ETTm2,patchtst,2,refit,fac_global,0.0939762302798817,0.2050409422772542,0.1116529630209008,0.2344577541349283,15.831852789889778,12.546743001191164,21408,0.01,6952.0,13928.0,0.0,0.0,FAC,main
ETTm2,patchtst,2,refit,proposed_global,0.093494632805136,0.2066646394123045,0.1116529630209008,0.2344577541349283,16.263187043558926,11.85421007941121,4528,,,,,,Proposed,main
ETTm2,patchtst,2,refit,static,0.1116529630209008,0.2344577541349283,0.1116529630209008,0.2344577541349283,0.0,0.0,0,,,,,,Static,main
appliances,dlinear,0,refit,cosa_global,0.2102048893918683,0.2735996138592685,0.2214710995625275,0.2776956907301931,5.086988863519137,1.475023562718636,263256,0.005,87464.0,175140.0,80.0,44.0,COSA,main
appliances,dlinear,0,refit,fac_global,0.1848848005655638,0.2548182519259643,0.2214710995625275,0.2776956907301931,16.519671898154055,8.238312501023392,77952,0.01,25800.0,51624.0,0.0,0.0,FAC,main
appliances,dlinear,0,refit,proposed_global,0.1830580220428083,0.2482809414649274,0.2214710995625275,0.2776956907301931,17.344510229820763,10.592439943133591,13192,,,,,,Proposed,main
appliances,dlinear,0,refit,static,0.2214710995625275,0.2776956907301931,0.2214710995625275,0.2776956907301931,0.0,0.0,0,,,,,,Static,main
appliances,dlinear,1,refit,cosa_global,0.2120595320331126,0.2733439255747126,0.2216167536762605,0.2749426919619232,4.312499612330356,0.5814907738780684,263256,0.005,87464.0,175140.0,80.0,44.0,COSA,main
appliances,dlinear,1,refit,fac_global,0.1855857149509792,0.2549772067819505,0.2216167536762605,0.2749426919619232,16.258264832231816,7.261689713410413,77952,0.01,25800.0,51624.0,0.0,0.0,FAC,main
appliances,dlinear,1,refit,proposed_global,0.1848631018632484,0.2492999116162048,0.2216167536762605,0.2749426919619232,16.584329119224485,9.3265909934677,13192,,,,,,Proposed,main
appliances,dlinear,1,refit,static,0.2216167536762605,0.2749426919619232,0.2216167536762605,0.2749426919619232,0.0,0.0,0,,,,,,Static,main
appliances,dlinear,2,refit,cosa_global,0.2166604000062913,0.2798936546142974,0.2279299018765532,0.2843024989562914,4.944284087993623,1.5507582093647998,263256,0.005,87464.0,175140.0,80.0,44.0,COSA,main
appliances,dlinear,2,refit,fac_global,0.1856900320139034,0.2559237267469129,0.2279299018765532,0.2843024989562914,18.53195632292549,9.981893340213466,77952,0.01,25800.0,51624.0,0.0,0.0,FAC,main
appliances,dlinear,2,refit,proposed_global,0.1849035052727041,0.2496909144262369,0.2279299018765532,0.2843024989562914,18.877030284140677,12.174210447364253,13192,,,,,,Proposed,main
appliances,dlinear,2,refit,static,0.2279299018765532,0.2843024989562914,0.2279299018765532,0.2843024989562914,0.0,0.0,0,,,,,,Static,main
appliances,patchtst,0,refit,cosa_global,0.1976746371320231,0.2622579384527286,0.4695688419918777,0.3932843572278386,57.902948523266296,33.31594973638968,263256,0.005,87464.0,175140.0,80.0,44.0,COSA,main
appliances,patchtst,0,refit,fac_global,0.1913781922947008,0.2624570642827293,0.4695688419918777,0.3932843572278386,59.24384772147827,33.26531822096296,77952,0.005,25800.0,51624.0,0.0,0.0,FAC,main
appliances,patchtst,0,refit,proposed_global,0.181925032296886,0.2510409232287898,0.4695688419918777,0.3932843572278386,61.257005144299406,36.168088403435775,13192,,,,,,Proposed,main
appliances,patchtst,0,refit,static,0.4695688419918777,0.3932843572278386,0.4695688419918777,0.3932843572278386,0.0,0.0,0,,,,,,Static,main
appliances,patchtst,1,refit,cosa_global,0.2011014917005137,0.2653322274043843,0.4304963504108328,0.3902387975236797,53.28613320215193,32.007727297211154,263256,0.005,87464.0,175140.0,80.0,44.0,COSA,main
appliances,patchtst,1,refit,fac_global,0.1881932884551704,0.2585065160970825,0.4304963504108328,0.3902387975236797,56.284579816861815,33.75683870043795,77952,0.005,25800.0,51624.0,0.0,0.0,FAC,main
appliances,patchtst,1,refit,proposed_global,0.1827326881517679,0.2531295975525799,0.4304963504108328,0.3902387975236797,57.55302269638713,35.13469210164322,13192,,,,,,Proposed,main
appliances,patchtst,1,refit,static,0.4304963504108328,0.3902387975236797,0.4304963504108328,0.3902387975236797,0.0,0.0,0,,,,,,Static,main
appliances,patchtst,2,refit,cosa_global,0.1976266754391864,0.2644294954603621,0.4253650581247615,0.3816055212205237,53.53951349214452,30.70606142840566,263256,0.001,87464.0,175140.0,80.0,44.0,COSA,main
appliances,patchtst,2,refit,fac_global,0.1847717336275857,0.255200027833811,0.4253650581247615,0.3816055212205237,56.56160982235843,33.12465002666064,77952,0.005,25800.0,51624.0,0.0,0.0,FAC,main
appliances,patchtst,2,refit,proposed_global,0.177343721876267,0.2455476498400051,0.4253650581247615,0.3816055212205237,58.30787731881557,35.6540625893861,13192,,,,,,Proposed,main
appliances,patchtst,2,refit,static,0.4253650581247615,0.3816055212205237,0.4253650581247615,0.3816055212205237,0.0,0.0,0,,,,,,Static,main
bdg2,dlinear,0,refit,cosa_global,0.2019461901884429,0.284612474878961,0.2141913409078948,0.296055663599804,5.716921453289481,3.865215271244216,152156,0.005,50460.0,101044.0,80.0,44.0,COSA,main
bdg2,dlinear,0,refit,fac_global,0.199622540888277,0.2843695069530451,0.2141913409078948,0.296055663599804,6.801768903385597,3.947283596829232,45216,0.01,14888.0,29800.0,0.0,0.0,FAC,main
bdg2,dlinear,0,refit,proposed_global,0.1928634565097237,0.2786979679567469,0.2141913409078948,0.296055663599804,9.957398047824162,5.862983815949086,8176,,,,,,Proposed,main
bdg2,dlinear,0,refit,static,0.2141913409078948,0.296055663599804,0.2141913409078948,0.296055663599804,0.0,0.0,0,,,,,,Static,main
bdg2,dlinear,1,refit,cosa_global,0.202258689345621,0.2869966832636711,0.2189961129917393,0.3092129231080201,7.642794850313006,7.184770811337648,152156,0.005,50460.0,101044.0,80.0,44.0,COSA,main
bdg2,dlinear,1,refit,fac_global,0.1999927100253806,0.2863937321122293,0.2189961129917393,0.3092129231080201,8.677506968845371,7.379766267989773,45216,0.01,14888.0,29800.0,0.0,0.0,FAC,main
bdg2,dlinear,1,refit,proposed_global,0.1936807927963018,0.2823448037141445,0.2189961129917393,0.3092129231080201,11.559712110685904,8.689196791587362,8176,,,,,,Proposed,main
bdg2,dlinear,1,refit,static,0.2189961129917393,0.3092129231080201,0.2189961129917393,0.3092129231080201,0.0,0.0,0,,,,,,Static,main
bdg2,dlinear,2,refit,cosa_global,0.2009131717980848,0.2859078639508406,0.2202234593301698,0.3118603725438192,8.768497048779022,8.321835948981315,152156,0.005,50460.0,101044.0,80.0,44.0,COSA,main
bdg2,dlinear,2,refit,fac_global,0.1987220374529011,0.2854339273504699,0.2202234593301698,0.3118603725438192,9.763456601157404,8.47380671606045,45216,0.01,14888.0,29800.0,0.0,0.0,FAC,main
bdg2,dlinear,2,refit,proposed_global,0.1924315109224133,0.2814073170508537,0.2202234593301698,0.3118603725438192,12.61988549825177,9.764964764379158,8176,,,,,,Proposed,main
bdg2,dlinear,2,refit,static,0.2202234593301698,0.3118603725438192,0.2202234593301698,0.3118603725438192,0.0,0.0,0,,,,,,Static,main
bdg2,patchtst,0,refit,cosa_global,0.1865128194979969,0.2820220457105023,0.2006033697453123,0.3000128517088697,7.024084523208596,5.996678440904102,152156,0.005,50460.0,101044.0,80.0,44.0,COSA,main
bdg2,patchtst,0,refit,fac_global,0.1808715237322855,0.2777309828582361,0.2006033697453123,0.3000128517088697,9.836248532653558,7.426971452628206,45216,0.01,14888.0,29800.0,0.0,0.0,FAC,main
bdg2,patchtst,0,refit,proposed_global,0.1819472900404105,0.2800282363230282,0.2006033697453123,0.3000128517088697,9.29998320994696,6.661253100328657,8176,,,,,,Proposed,main
bdg2,patchtst,0,refit,static,0.2006033697453123,0.3000128517088697,0.2006033697453123,0.3000128517088697,0.0,0.0,0,,,,,,Static,main
bdg2,patchtst,1,refit,cosa_global,0.1878209154608748,0.2829615472203878,0.2115402672566757,0.319244193409723,11.21268877240319,11.365170279783122,152156,0.005,50460.0,101044.0,80.0,44.0,COSA,main
bdg2,patchtst,1,refit,fac_global,0.1861500993050519,0.2821520283871747,0.2115402672566757,0.319244193409723,12.00252239485746,11.61874382941198,45216,0.01,14888.0,29800.0,0.0,0.0,FAC,main
bdg2,patchtst,1,refit,proposed_global,0.1879603928581101,0.2875929222652045,0.2115402672566757,0.319244193409723,11.146754565623471,9.914439102701769,8176,,,,,,Proposed,main
bdg2,patchtst,1,refit,static,0.2115402672566757,0.319244193409723,0.2115402672566757,0.319244193409723,0.0,0.0,0,,,,,,Static,main
bdg2,patchtst,2,refit,cosa_global,0.1898129680101518,0.284721006992889,0.2042283493221908,0.3035693631887782,7.058462431822921,6.208912519333554,152156,0.005,50460.0,101044.0,80.0,44.0,COSA,main
bdg2,patchtst,2,refit,fac_global,0.1862092333946055,0.2826654912398702,0.2042283493221908,0.3035693631887782,8.823023829643894,6.886028197749539,45216,0.01,14888.0,29800.0,0.0,0.0,FAC,main
bdg2,patchtst,2,refit,proposed_global,0.1859157489609771,0.2840217131588963,0.2042283493221908,0.3035693631887782,8.966727891593395,6.439269702498263,8176,,,,,,Proposed,main
bdg2,patchtst,2,refit,static,0.2042283493221908,0.3035693631887782,0.2042283493221908,0.3035693631887782,0.0,0.0,0,,,,,,Static,main
bdg2_fox,dlinear,0,legacy,static,0.2372526588699503,0.3171059109380039,0.2372526588699503,0.3171059109380039,0.0,0.0,0,,,,,,Static,main
bdg2_fox,dlinear,0,legacy,proposed_global,0.2087642744310804,0.2987169197747036,0.2372526588699503,0.3171059109380039,12.007614403379884,5.799006114047312,8176,,,,,,Proposed,main
bdg2_fox,dlinear,0,refit,static,0.2351892860078212,0.3105632038170231,0.2351892860078212,0.3105632038170231,0.0,0.0,0,,,,,,Static,main
bdg2_fox,dlinear,0,refit,proposed_global,0.2092824496831106,0.2981701790019992,0.2351892860078212,0.3105632038170231,11.015313139667892,3.9905000536784585,8176,,,,,,Proposed,main
bdg2_fox,dlinear,1,legacy,static,0.2381683133851615,0.3188474879185776,0.2381683133851615,0.3188474879185776,0.0,0.0,0,,,,,,Static,main
bdg2_fox,dlinear,1,legacy,proposed_global,0.2096845266491115,0.3000555727237721,0.2381683133851615,0.3188474879185776,11.959519858540746,5.893700250699263,8176,,,,,,Proposed,main
bdg2_fox,dlinear,1,refit,static,0.2385137057040893,0.3185297449935427,0.2385137057040893,0.3185297449935427,0.0,0.0,0,,,,,,Static,main
bdg2_fox,dlinear,1,refit,proposed_global,0.2084160610613698,0.2993241960622907,0.2385137057040893,0.3185297449935427,12.618832345030938,6.02943657008902,8176,,,,,,Proposed,main
bdg2_fox,dlinear,2,legacy,static,0.2393939464392653,0.3222495356018403,0.2393939464392653,0.3222495356018403,0.0,0.0,0,,,,,,Static,main
bdg2_fox,dlinear,2,legacy,proposed_global,0.2095058336029064,0.3006221691080649,0.2393939464392653,0.3222495356018403,12.484907526240042,6.711372431734841,8176,,,,,,Proposed,main
bdg2_fox,dlinear,2,refit,static,0.2363967731895128,0.3155418242591663,0.2363967731895128,0.3155418242591663,0.0,0.0,0,,,,,,Static,main
bdg2_fox,dlinear,2,refit,proposed_global,0.2086939153122755,0.2987083691569643,0.2363967731895128,0.3155418242591663,11.718796963031608,5.334777772082622,8176,,,,,,Proposed,main
bdg2_fox,patchtst,0,legacy,static,0.1902763574626706,0.2979829077263204,0.1902763574626706,0.2979829077263204,0.0,0.0,0,,,,,,Static,main
bdg2_fox,patchtst,0,legacy,proposed_global,0.1771020804892014,0.2850419118517323,0.1902763574626706,0.2979829077263204,6.923759288409603,4.3428651573779735,8176,,,,,,Proposed,main
bdg2_fox,patchtst,0,refit,static,0.178914805926664,0.2891902672104119,0.178914805926664,0.2891902672104119,0.0,0.0,0,,,,,,Static,main
bdg2_fox,patchtst,0,refit,proposed_global,0.1712181186783261,0.2806231796190728,0.178914805926664,0.2891902672104119,4.301872731255529,2.9624398061452677,8176,,,,,,Proposed,main
bdg2_fox,patchtst,1,legacy,static,0.1845938965389207,0.2940718444077863,0.1845938965389207,0.2940718444077863,0.0,0.0,0,,,,,,Static,main
bdg2_fox,patchtst,1,legacy,proposed_global,0.1698132026221985,0.2786373438826034,0.1845938965389207,0.2940718444077863,8.007141186060707,5.248547529691416,8176,,,,,,Proposed,main
bdg2_fox,patchtst,1,refit,static,0.1774665404722834,0.2872662049268533,0.1774665404722834,0.2872662049268533,0.0,0.0,0,,,,,,Static,main
bdg2_fox,patchtst,1,refit,proposed_global,0.1655530911480587,0.272232354808405,0.1774665404722834,0.2872662049268533,6.713067878891432,5.233421077942813,8176,,,,,,Proposed,main
bdg2_fox,patchtst,2,legacy,static,0.1835186399890558,0.2927541421756142,0.1835186399890558,0.2927541421756142,0.0,0.0,0,,,,,,Static,main
bdg2_fox,patchtst,2,legacy,proposed_global,0.1738318424625394,0.2806784692846151,0.1835186399890558,0.2927541421756142,5.278372555013511,4.1248512493310185,8176,,,,,,Proposed,main
bdg2_fox,patchtst,2,refit,static,0.1754773751672312,0.2859294277113035,0.1754773751672312,0.2859294277113035,0.0,0.0,0,,,,,,Static,main
bdg2_fox,patchtst,2,refit,proposed_global,0.1710311257446108,0.2753212425836569,0.1754773751672312,0.2859294277113035,2.53380210319597,3.710071122290148,8176,,,,,,Proposed,main
bdg2_panther,dlinear,0,legacy,static,0.0778961183824501,0.1785384359146622,0.0778961183824501,0.1785384359146622,0.0,0.0,0,,,,,,Static,main
bdg2_panther,dlinear,0,legacy,proposed_global,0.0669031807768378,0.1638474589815462,0.0778961183824501,0.1785384359146622,14.112304738523452,8.228467364942038,8176,,,,,,Proposed,main
bdg2_panther,dlinear,0,refit,static,0.0773265981251636,0.177811826713068,0.0773265981251636,0.177811826713068,0.0,0.0,0,,,,,,Static,main
bdg2_panther,dlinear,0,refit,proposed_global,0.0664986879967471,0.1631922170607847,0.0773265981251636,0.177811826713068,14.00282747585777,8.221955717194607,8176,,,,,,Proposed,main
bdg2_panther,dlinear,1,legacy,static,0.0783383119311524,0.1793496516915571,0.0783383119311524,0.1793496516915571,0.0,0.0,0,,,,,,Static,main
bdg2_panther,dlinear,1,legacy,proposed_global,0.0664120899237262,0.163105464044486,0.0783383119311524,0.1793496516915571,15.223996679820628,9.057273038370662,8176,,,,,,Proposed,main
bdg2_panther,dlinear,1,refit,static,0.0766093468180305,0.1766298462537482,0.0766093468180305,0.1766298462537482,0.0,0.0,0,,,,,,Static,main
bdg2_panther,dlinear,1,refit,proposed_global,0.0665592305606879,0.1630483813368107,0.0766093468180305,0.1766298462537482,13.118655457557416,7.689224219459612,8176,,,,,,Proposed,main
bdg2_panther,dlinear,2,legacy,static,0.0805036916586102,0.1821439269362954,0.0805036916586102,0.1821439269362954,0.0,0.0,0,,,,,,Static,main
bdg2_panther,dlinear,2,legacy,proposed_global,0.0666217241149721,0.1635094953788221,0.0805036916586102,0.1821439269362954,17.24388938895739,10.23060821785765,8176,,,,,,Proposed,main
bdg2_panther,dlinear,2,refit,static,0.0766935526463754,0.1770248197118518,0.0766935526463754,0.1770248197118518,0.0,0.0,0,,,,,,Static,main
bdg2_panther,dlinear,2,refit,proposed_global,0.066332979755961,0.1627458583050515,0.0766935526463754,0.1770248197118518,13.509053281422146,8.06607877361072,8176,,,,,,Proposed,main
bdg2_panther,patchtst,0,legacy,static,0.0735923416645027,0.1729121559470561,0.0735923416645027,0.1729121559470561,0.0,0.0,0,,,,,,Static,main
bdg2_panther,patchtst,0,legacy,proposed_global,0.0678908211340164,0.1653554297347294,0.0735923416645027,0.1729121559470561,7.747437303298133,4.370268921197473,8176,,,,,,Proposed,main
bdg2_panther,patchtst,0,refit,static,0.0810435353678488,0.1890732648971033,0.0810435353678488,0.1890732648971033,0.0,0.0,0,,,,,,Static,main
bdg2_panther,patchtst,0,refit,proposed_global,0.0668078320023271,0.1645044430852842,0.0810435353678488,0.1890732648971033,17.565501431924446,12.99433942984477,8176,,,,,,Proposed,main
bdg2_panther,patchtst,1,legacy,static,0.0747446557941097,0.1751959008725725,0.0747446557941097,0.1751959008725725,0.0,0.0,0,,,,,,Static,main
bdg2_panther,patchtst,1,legacy,proposed_global,0.0676535763917048,0.165610677432609,0.0747446557941097,0.1751959008725725,9.487072121835494,5.471145952744239,8176,,,,,,Proposed,main
bdg2_panther,patchtst,1,refit,static,0.072169150618005,0.1696844123948982,0.072169150618005,0.1696844123948982,0.0,0.0,0,,,,,,Static,main
bdg2_panther,patchtst,1,refit,proposed_global,0.0664816642004512,0.1625680258115187,0.072169150618005,0.1696844123948982,7.880772281300574,4.193895292407779,8176,,,,,,Proposed,main
bdg2_panther,patchtst,2,legacy,static,0.0729775293055062,0.1719463960494782,0.0729775293055062,0.1719463960494782,0.0,0.0,0,,,,,,Static,main
bdg2_panther,patchtst,2,legacy,proposed_global,0.0672268852429438,0.1644349163286583,0.0729775293055062,0.1719463960494782,7.880020216207195,4.3685008196731605,8176,,,,,,Proposed,main
bdg2_panther,patchtst,2,refit,static,0.076768485190991,0.1830177645667254,0.076768485190991,0.1830177645667254,0.0,0.0,0,,,,,,Static,main
bdg2_panther,patchtst,2,refit,proposed_global,0.0675319036982664,0.1656093661379093,0.076768485190991,0.1830177645667254,12.031736030410256,9.511862670833416,8176,,,,,,Proposed,main
bdg2_fox,dlinear,2,legacy,cosa_global,0.1980610129655332,0.288528656298,0.2393939464392653,0.3222495356018403,17.2656552467246,10.464213467635409,152156,0.01,50460.0,101044.0,80.0,44.0,COSA,main
bdg2_fox,dlinear,2,legacy,fac_global,0.2067326402652109,0.2960944273073066,0.2393939464392653,0.3222495356018403,13.643330025615608,8.116414580919674,45216,0.01,14888.0,29800.0,0.0,0.0,FAC,main
bdg2_fox,dlinear,2,refit,cosa_global,0.1993687213510703,0.2885028717744218,0.2363967731895128,0.3155418242591663,15.66351830393139,8.569055005062143,152156,0.01,50460.0,101044.0,80.0,44.0,COSA,main
bdg2_fox,dlinear,2,refit,fac_global,0.2066424040816467,0.2952076722297902,0.2363967731895128,0.3155418242591663,12.586622358001833,6.444201835086972,45216,0.01,14888.0,29800.0,0.0,0.0,FAC,main
bdg2_fox,dlinear,0,legacy,cosa_global,0.1980936173022443,0.2876511360038968,0.2372526588699503,0.3171059109380039,16.505206624120905,9.288623743083004,152156,0.01,50460.0,101044.0,80.0,44.0,COSA,main
bdg2_fox,dlinear,0,legacy,fac_global,0.2058817579291793,0.2947516070163696,0.2372526588699503,0.3171059109380039,13.222570861878893,7.049475632765711,45216,0.01,14888.0,29800.0,0.0,0.0,FAC,main
bdg2_fox,dlinear,0,refit,cosa_global,0.2004190593349036,0.2882900403700473,0.2351892860078212,0.3105632038170231,14.783933087734836,7.171861692957893,152156,0.01,50460.0,101044.0,80.0,44.0,COSA,main
bdg2_fox,dlinear,0,refit,fac_global,0.2070065481007814,0.2951106684427392,0.2351892860078212,0.3105632038170231,11.983002451099134,4.975649138198679,45216,0.01,14888.0,29800.0,0.0,0.0,FAC,main
bdg2_fox,dlinear,1,legacy,cosa_global,0.2012434435700273,0.2914065902725145,0.2381683133851615,0.3188474879185776,15.503686989385502,8.606276883407848,152156,0.01,50460.0,101044.0,80.0,44.0,COSA,main
bdg2_fox,dlinear,1,legacy,fac_global,0.2065388168201419,0.2960298376854823,0.2381683133851615,0.3188474879185776,13.280312613991164,7.156289792981574,45216,0.01,14888.0,29800.0,0.0,0.0,FAC,main
bdg2_fox,dlinear,1,refit,cosa_global,0.1984677711742916,0.288679169684285,0.2385137057040893,0.3185297449935427,16.789783384389867,9.371361946075972,152156,0.01,50460.0,101044.0,80.0,44.0,COSA,main
bdg2_fox,dlinear,1,refit,fac_global,0.2062244869843011,0.295337926305843,0.2385137057040893,0.3185297449935427,13.537678526469076,7.280895756900141,45216,0.01,14888.0,29800.0,0.0,0.0,FAC,main
bdg2_fox,patchtst,0,legacy,cosa_global,0.1707562410250093,0.2766582548923075,0.1902763574626706,0.2979829077263204,10.25882390117272,7.156334232968254,152156,0.005,50460.0,101044.0,80.0,44.0,COSA,main
bdg2_fox,patchtst,0,legacy,fac_global,0.1664876107061415,0.2739111566224737,0.1902763574626706,0.2979829077263204,12.502208405579829,8.078232166911803,45216,0.01,14888.0,29800.0,0.0,0.0,FAC,main
bdg2_fox,patchtst,0,refit,cosa_global,0.1612352961046289,0.2688855363547002,0.178914805926664,0.2891902672104119,9.881524187149637,7.021235898280831,152156,0.005,50460.0,101044.0,80.0,44.0,COSA,main
bdg2_fox,patchtst,0,refit,fac_global,0.1611556549114729,0.2700153609691866,0.178914805926664,0.2891902672104119,9.926037659773378,6.630550338429552,45216,0.01,14888.0,29800.0,0.0,0.0,FAC,main
bdg2_panther,dlinear,0,legacy,cosa_global,0.0716122323851463,0.1703345831646726,0.0778961183824501,0.1785384359146622,8.067007866106424,4.595006508240552,152156,0.005,50460.0,101044.0,80.0,44.0,COSA,main
bdg2_panther,dlinear,0,legacy,fac_global,0.0708846943894389,0.1694292004638126,0.0778961183824501,0.1785384359146622,9.000992781934137,5.102114513428157,45216,0.005,14888.0,29800.0,0.0,0.0,FAC,main
bdg2_panther,dlinear,0,refit,cosa_global,0.0713962548250707,0.1699745548832952,0.0773265981251636,0.177811826713068,7.669215307382149,4.407621233440029,152156,0.005,50460.0,101044.0,80.0,44.0,COSA,main
bdg2_panther,dlinear,0,refit,fac_global,0.0707489145194773,0.1693227684904534,0.0773265981251636,0.177811826713068,8.506366198910609,4.774180873982736,45216,0.005,14888.0,29800.0,0.0,0.0,FAC,main
bdg2_fox,patchtst,1,legacy,cosa_global,0.1629093753357022,0.2673559942307175,0.1845938965389207,0.2940718444077863,11.747149613176076,9.084803827741547,152156,0.005,50460.0,101044.0,80.0,44.0,COSA,main
bdg2_fox,patchtst,1,legacy,fac_global,0.1597335072474042,0.2673657142706848,0.1845938965389207,0.2940718444077863,13.46761174537252,9.081498499417162,45216,0.01,14888.0,29800.0,0.0,0.0,FAC,main
bdg2_fox,patchtst,1,refit,cosa_global,0.1567184249026326,0.262458863523719,0.1774665404722834,0.2872662049268533,11.691283052250167,8.635663011404693,152156,0.005,50460.0,101044.0,80.0,44.0,COSA,main
bdg2_fox,patchtst,1,refit,fac_global,0.1553188620757414,0.2618094838227447,0.1774665404722834,0.2872662049268533,12.479917813014984,8.861718039750144,45216,0.01,14888.0,29800.0,0.0,0.0,FAC,main
bdg2_fox,patchtst,2,legacy,cosa_global,0.1640859387416244,0.2685117789761947,0.1835186399890558,0.2927541421756142,10.588952298573185,8.280792551477301,152156,0.005,50460.0,101044.0,80.0,44.0,COSA,main
bdg2_fox,patchtst,2,legacy,fac_global,0.1618809840524724,0.2693627708618384,0.1835186399890558,0.2927541421756142,11.790440435845518,7.990107719720685,45216,0.01,14888.0,29800.0,0.0,0.0,FAC,main
bdg2_fox,patchtst,2,refit,cosa_global,0.1580279559797713,0.2636887356389206,0.1754773751672312,0.2859294277113035,9.94397093689744,7.778385124751419,152156,0.005,50460.0,101044.0,80.0,44.0,COSA,main
bdg2_fox,patchtst,2,refit,fac_global,0.1581385470998826,0.2651442056205648,0.1754773751672312,0.2859294277113035,9.880947928942174,7.269353930133093,45216,0.01,14888.0,29800.0,0.0,0.0,FAC,main
bdg2_panther,dlinear,1,legacy,cosa_global,0.0722165550356924,0.1714094134275632,0.0783383119311524,0.1793496516915571,7.814512139143526,4.4272392999398775,152156,0.005,50460.0,101044.0,80.0,44.0,COSA,main
bdg2_panther,dlinear,1,legacy,fac_global,0.0709828334009643,0.1700130351198645,0.0783383119311524,0.1793496516915571,9.389375835226575,5.205818067463874,45216,0.005,14888.0,29800.0,0.0,0.0,FAC,main
bdg2_panther,dlinear,1,refit,cosa_global,0.0708434991175349,0.1687501897549347,0.0766093468180305,0.1766298462537482,7.526297951855943,4.461112697507219,152156,0.005,50460.0,101044.0,80.0,44.0,COSA,main
bdg2_panther,dlinear,1,refit,fac_global,0.0698426823751554,0.1673935051425664,0.0766093468180305,0.1766298462537482,8.832687816733277,5.229207468092733,45216,0.005,14888.0,29800.0,0.0,0.0,FAC,main
bdg2_panther,dlinear,2,legacy,cosa_global,0.0721355966130934,0.1710930613087193,0.0805036916586102,0.1821439269362954,10.394672434406072,6.06710627878424,152156,0.005,50460.0,101044.0,80.0,44.0,COSA,main
bdg2_panther,dlinear,2,legacy,fac_global,0.0712771076382007,0.1707360260545181,0.0805036916586102,0.1821439269362954,11.461069461927831,6.263124482743343,45216,0.005,14888.0,29800.0,0.0,0.0,FAC,main
bdg2_panther,dlinear,2,refit,cosa_global,0.0710069255361776,0.1695900091034183,0.0766935526463754,0.1770248197118518,7.41473945850204,4.1998690469141176,152156,0.005,50460.0,101044.0,80.0,44.0,COSA,main
bdg2_panther,dlinear,2,refit,fac_global,0.0700255818292514,0.1683489077586759,0.0766935526463754,0.1770248197118518,8.694304262927021,4.900957937591999,45216,0.005,14888.0,29800.0,0.0,0.0,FAC,main
bdg2_panther,patchtst,1,legacy,cosa_global,0.0699133244247338,0.1665037654509368,0.0747446557941097,0.1751959008725725,6.46378168184254,4.961380590723897,152156,0.005,50460.0,101044.0,80.0,44.0,COSA,main
bdg2_panther,patchtst,1,legacy,fac_global,0.068177087064065,0.1644190643181685,0.0747446557941097,0.1751959008725725,8.78667332168277,6.151306338064644,45216,0.01,14888.0,29800.0,0.0,0.0,FAC,main
bdg2_panther,patchtst,1,refit,cosa_global,0.0692709901641268,0.1649848154771837,0.072169150618005,0.1696844123948982,4.015788503897333,2.7696102732037158,152156,0.005,50460.0,101044.0,80.0,44.0,COSA,main
bdg2_panther,patchtst,1,refit,fac_global,0.0664427232386287,0.1618454835588787,0.072169150618005,0.1696844123948982,7.934730186429151,4.619710629504548,45216,0.01,14888.0,29800.0,0.0,0.0,FAC,main
bdg2_panther,patchtst,0,legacy,cosa_global,0.0690414325834939,0.1656193033604858,0.0735923416645027,0.1729121559470561,6.183943842629269,4.217663325419007,152156,0.005,50460.0,101044.0,80.0,44.0,COSA,main
bdg2_panther,patchtst,0,legacy,fac_global,0.0670870854967981,0.1624958141651184,0.0735923416645027,0.1729121559470561,8.839583060641154,6.024065644712118,45216,0.01,14888.0,29800.0,0.0,0.0,FAC,main
bdg2_panther,patchtst,0,refit,cosa_global,0.0676481687793105,0.1643251594386674,0.0810435353678488,0.1890732648971033,16.528605924874828,13.089161744736488,152156,0.005,50460.0,101044.0,80.0,44.0,COSA,main
bdg2_panther,patchtst,0,refit,fac_global,0.0663661745547934,0.1616558390321657,0.0810435353678488,0.1890732648971033,18.1104646366133,14.500953310272925,45216,0.01,14888.0,29800.0,0.0,0.0,FAC,main
bdg2_panther,patchtst,2,legacy,cosa_global,0.0685318053128705,0.1646152032769052,0.0729775293055062,0.1719463960494782,6.091908063952989,4.263650149703291,152156,0.005,50460.0,101044.0,80.0,44.0,COSA,main
bdg2_panther,patchtst,2,legacy,fac_global,0.0673783362184852,0.1628829474707959,0.0729775293055062,0.1719463960494782,7.672489244711389,5.271089587753963,45216,0.01,14888.0,29800.0,0.0,0.0,FAC,main
bdg2_panther,patchtst,2,refit,cosa_global,0.069370009073908,0.1668949192859725,0.076768485190991,0.1830177645667254,9.637387137021758,8.809442798584088,152156,0.005,50460.0,101044.0,80.0,44.0,COSA,main
bdg2_panther,patchtst,2,refit,fac_global,0.0666304756876016,0.1627087946256196,0.076768485190991,0.1830177645667254,13.205952257840202,11.096720577472418,45216,0.01,14888.0,29800.0,0.0,0.0,FAC,main
ETTh1,dlinear,0,legacy,,0.393307792153758,0.4019782490980896,,,0.5726636640466465,0.4156151252824536,16648608,,,,,,$\delta$-Adapter,main
ETTh1,dlinear,0,refit,,0.396987465083687,0.4054150808356088,,,0.7094088360217965,0.6059421915823537,16648608,,,,,,$\delta$-Adapter,main
ETTh1,dlinear,1,legacy,,0.3956045758604228,0.4037452067390708,,,0.7959320812161774,0.5953239755234763,16648608,,,,,,$\delta$-Adapter,main
ETTh1,dlinear,1,refit,,0.3976334852310627,0.4040554797508596,,,0.4954137592952823,0.4996994167420832,16648608,,,,,,$\delta$-Adapter,main
ETTh1,dlinear,2,legacy,,0.3921782966297339,0.4002594425818193,,,0.4888198880107275,0.3778843593030934,16648608,,,,,,$\delta$-Adapter,main
ETTh1,dlinear,2,refit,,0.3873990113912697,0.39698385921345,,,0.4932957702399099,0.4069622018635921,16648608,,,,,,$\delta$-Adapter,main
ETTh1,patchtst,0,legacy,,0.4262310564679273,0.433492208723437,,,0.734357860657775,0.7547126102628088,16648608,,,,,,$\delta$-Adapter,main
ETTh1,patchtst,0,refit,,0.4177452778493935,0.4272206076625759,,,0.7897887254490366,0.6422810221417774,16648608,,,,,,$\delta$-Adapter,main
ETTh1,patchtst,1,legacy,,0.4523284637083311,0.4439654220512812,,,0.715688264500236,0.6811459218638349,16648608,,,,,,$\delta$-Adapter,main
ETTh1,patchtst,1,refit,,0.4294039536418976,0.4306943275990015,,,0.7723245304412929,0.6688840062962997,16648608,,,,,,$\delta$-Adapter,main
ETTh1,patchtst,2,legacy,,0.4560853626344381,0.4475969175224087,,,1.2842607756938684,1.2447608524712606,16648608,,,,,,$\delta$-Adapter,main
ETTh1,patchtst,2,refit,,0.4229362696683623,0.4353465903668264,,,0.725995783947464,0.9032508203659306,16648608,,,,,,$\delta$-Adapter,main
ETTh2,dlinear,0,legacy,,0.1387982595546801,0.249487615831462,,,1.9440954200326543,1.4603426767142105,16648608,,,,,,$\delta$-Adapter,main
ETTh2,dlinear,0,refit,,0.1518062611357278,0.2667182327803312,,,3.606369382057984,2.5074367801483755,16648608,,,,,,$\delta$-Adapter,main
ETTh2,dlinear,1,legacy,,0.1360254904559062,0.2451397285185975,,,0.6578182238848318,0.5232296889192689,16648608,,,,,,$\delta$-Adapter,main
ETTh2,dlinear,1,refit,,0.1384550426108099,0.2497184036245172,,,1.8499345890524377,1.4225983554546962,16648608,,,,,,$\delta$-Adapter,main
ETTh2,dlinear,2,legacy,,0.1416883553570641,0.2533607727714869,,,1.9226442594376003,1.2876749112464392,16648608,,,,,,$\delta$-Adapter,main
ETTh2,dlinear,2,refit,,0.1460774329424108,0.2581861787911077,,,2.9556046791970325,1.9204296638127396,16648608,,,,,,$\delta$-Adapter,main
ETTh2,patchtst,0,legacy,,0.1795432668283972,0.2860712899171748,,,2.7021955878378634,1.7640425582538644,16648608,,,,,,$\delta$-Adapter,main
ETTh2,patchtst,0,refit,,0.1504333166827316,0.2613469851228663,,,2.2680060970544424,1.7222668943914554,16648608,,,,,,$\delta$-Adapter,main
ETTh2,patchtst,1,legacy,,0.1794529325490796,0.2927154293112913,,,2.8993864859355734,2.631001610927597,16648608,,,,,,$\delta$-Adapter,main
ETTh2,patchtst,1,refit,,0.1603145382301475,0.2913784175989621,,,3.661492637759267,3.3777499104035718,16648608,,,,,,$\delta$-Adapter,main
ETTh2,patchtst,2,legacy,,0.2257905693544554,0.347325942823298,,,3.3295379973033223,2.851965013564395,16648608,,,,,,$\delta$-Adapter,main
ETTh2,patchtst,2,refit,,0.1556650668538309,0.2624889753934012,,,2.700510695454672,1.800188790878399,16648608,,,,,,$\delta$-Adapter,main
ETTm1,dlinear,0,legacy,,0.2575019658420859,0.3328037933303594,,,2.281574012984211,1.7980075570138587,16648608,,,,,,$\delta$-Adapter,main
ETTm1,dlinear,0,refit,,0.258018240852953,0.3333097306816674,,,2.265960852062709,1.7131984880076945,16648608,,,,,,$\delta$-Adapter,main
ETTm1,dlinear,1,legacy,,0.2565177630049245,0.3319635397126859,,,2.2255441362470263,1.6866903509432762,16648608,,,,,,$\delta$-Adapter,main
ETTm1,dlinear,1,refit,,0.2647255171252182,0.3407642991143954,,,2.4685828692421974,1.828837672354644,16648608,,,,,,$\delta$-Adapter,main
ETTm1,dlinear,2,legacy,,0.255313483270671,0.3303144993094571,,,2.283492663044417,1.8624125201039727,16648608,,,,,,$\delta$-Adapter,main
ETTm1,dlinear,2,refit,,0.2499194279976461,0.3273248855363031,,,2.1231194072605764,1.9391778879209287,16648608,,,,,,$\delta$-Adapter,main
ETTm1,patchtst,0,legacy,,0.3104987693165467,0.3582899038781305,,,1.4142706886253742,1.1689087944315668,16648608,,,,,,$\delta$-Adapter,main
ETTm1,patchtst,0,refit,,0.3149589248733455,0.3548068435394834,,,1.664756353774699,1.3963945520593768,16648608,,,,,,$\delta$-Adapter,main
ETTm1,patchtst,1,legacy,,0.32311995653686,0.3663190325437553,,,2.6650810393980984,2.2505894549918137,16648608,,,,,,$\delta$-Adapter,main
ETTm1,patchtst,1,refit,,0.3046684301278548,0.3557254872000104,,,2.2260086383570576,2.070835616560973,16648608,,,,,,$\delta$-Adapter,main
ETTm1,patchtst,2,legacy,,0.3152691098340872,0.356135354897777,,,1.9384073524451595,1.460845325567406,16648608,,,,,,$\delta$-Adapter,main
ETTm1,patchtst,2,refit,,0.2947839977436645,0.3417971093649936,,,1.6885560662013854,1.5316000526794604,16648608,,,,,,$\delta$-Adapter,main
ETTm2,dlinear,0,legacy,,0.0949237492742173,0.2040739765360779,,,2.2549565437192,2.0430393937046154,16648608,,,,,,$\delta$-Adapter,main
ETTm2,dlinear,0,refit,,0.0988404757053501,0.2102366291447294,,,3.125736607183072,2.2844030731063225,16648608,,,,,,$\delta$-Adapter,main
ETTm2,dlinear,1,legacy,,0.0947127553679248,0.2029836429611229,,,1.9913089826337105,1.5609201085667546,16648608,,,,,,$\delta$-Adapter,main
ETTm2,dlinear,1,refit,,0.1005343423497034,0.2125873045849928,,,3.0860522829601167,2.132332656008673,16648608,,,,,,$\delta$-Adapter,main
ETTm2,dlinear,2,legacy,,0.0940522758516755,0.2023500739340741,,,1.9658932388741943,1.6630368689796504,16648608,,,,,,$\delta$-Adapter,main
ETTm2,dlinear,2,refit,,0.0997920649434774,0.2111270355448634,,,3.231839604276354,2.3824372736188426,16648608,,,,,,$\delta$-Adapter,main
ETTm2,patchtst,0,legacy,,0.1155335784654005,0.2251786410962936,,,4.932691121307686,3.8070012523315433,16648608,,,,,,$\delta$-Adapter,main
ETTm2,patchtst,0,refit,,0.1221334914768243,0.2337649250059759,,,4.913420018935932,3.690409675893447,16648608,,,,,,$\delta$-Adapter,main
ETTm2,patchtst,1,legacy,,0.1057006541137677,0.2147141004120819,,,2.675441099521081,1.9132679522171123,16648608,,,,,,$\delta$-Adapter,main
ETTm2,patchtst,1,refit,,0.1082892286691786,0.222611460045039,,,4.2301782567595865,3.785092140078816,16648608,,,,,,$\delta$-Adapter,main
ETTm2,patchtst,2,legacy,,0.1137863870723187,0.2279144432660217,,,3.6636725536435377,3.2882191627178203,16648608,,,,,,$\delta$-Adapter,main
ETTm2,patchtst,2,refit,,0.1064870748215012,0.224231864715887,,,4.626736326229497,4.361506172730978,16648608,,,,,,$\delta$-Adapter,main
appliances,dlinear,0,legacy,,0.2004438368282671,0.2567012994668097,,,13.813224138470092,10.88864001700056,44692608,,,,,,$\delta$-Adapter,main
appliances,dlinear,0,refit,,0.1950413166507643,0.2527214547278241,,,11.933738968185905,8.993382625671998,44692608,,,,,,$\delta$-Adapter,main
appliances,dlinear,1,legacy,,0.1994418053535043,0.2573446698355151,,,14.717460748055466,12.099371654307411,44692608,,,,,,$\delta$-Adapter,main
appliances,dlinear,1,refit,,0.1953199653800682,0.2509941889951767,,,11.865884622877733,8.71036171060081,44692608,,,,,,$\delta$-Adapter,main
appliances,dlinear,2,legacy,,0.207732550921871,0.2659883613170007,,,15.762991323521469,12.558626385417316,44692608,,,,,,$\delta$-Adapter,main
appliances,dlinear,2,refit,,0.1984283571082986,0.2550745568508367,,,12.943253397368014,10.280578683885643,44692608,,,,,,$\delta$-Adapter,main
appliances,patchtst,0,legacy,,0.3471679388132696,0.3351265300231243,,,17.639007472664293,10.345176675770562,44692608,,,,,,$\delta$-Adapter,main
appliances,patchtst,0,refit,,0.3608320979037167,0.3349321162718078,,,23.15672045592025,14.837162954392824,44692608,,,,,,$\delta$-Adapter,main
appliances,patchtst,1,legacy,,0.3691923142333728,0.3468094085254827,,,17.739759715250358,10.879542821767052,44692608,,,,,,$\delta$-Adapter,main
appliances,patchtst,1,refit,,0.3214394727106957,0.3231635257297323,,,25.33282282092787,17.188263242810265,44692608,,,,,,$\delta$-Adapter,main
appliances,patchtst,2,legacy,,0.3485119230136128,0.3359496924599394,,,20.775317868320155,13.009707895693731,44692608,,,,,,$\delta$-Adapter,main
appliances,patchtst,2,refit,,0.3384022415258012,0.3315346288359977,,,20.444278376399627,13.121113191543888,44692608,,,,,,$\delta$-Adapter,main
bdg2,dlinear,0,legacy,,0.2023578921695705,0.2853297339654477,,,6.71730730878537,6.849315254881905,28456608,,,,,,$\delta$-Adapter,main
bdg2,dlinear,0,refit,,0.2028421273231284,0.2830916434754627,,,5.29863323916846,4.378913062060375,28456608,,,,,,$\delta$-Adapter,main
bdg2,dlinear,1,legacy,,0.2058124493062666,0.2912527270251512,,,8.893867732159311,9.8763392218566,28456608,,,,,,$\delta$-Adapter,main
bdg2,dlinear,1,refit,,0.2071320814232695,0.2884442807579861,,,5.417462166973386,6.716615250514191,28456608,,,,,,$\delta$-Adapter,main
bdg2,dlinear,2,legacy,,0.2056079016620112,0.2851501579144961,,,6.232382450799035,8.104230917268785,28456608,,,,,,$\delta$-Adapter,main
bdg2,dlinear,2,refit,,0.2057490394463883,0.2882141973723058,,,6.572605810392229,7.582295557025587,28456608,,,,,,$\delta$-Adapter,main
bdg2,patchtst,0,legacy,,0.1983292432648061,0.2973282010436049,,,9.982250049428687,7.690991057314256,28456608,,,,,,$\delta$-Adapter,main
bdg2,patchtst,0,refit,,0.1861592312104302,0.2808709121126179,,,7.200346910034739,6.380373203087631,28456608,,,,,,$\delta$-Adapter,main
bdg2,patchtst,1,legacy,,0.2033282952919914,0.2999699473181656,,,8.61911664847318,6.213841586045888,28456608,,,,,,$\delta$-Adapter,main
bdg2,patchtst,1,refit,,0.1899574642593623,0.2872486166298154,,,10.20269250729725,10.022289344772506,28456608,,,,,,$\delta$-Adapter,main
bdg2,patchtst,2,legacy,,0.1971360888811452,0.2940934034879461,,,9.587461305396062,7.81246849813344,28456608,,,,,,$\delta$-Adapter,main
bdg2,patchtst,2,refit,,0.1898508856813808,0.2841961408325884,,,7.039896120458822,6.381810783765518,28456608,,,,,,$\delta$-Adapter,main
bdg2_fox,dlinear,0,legacy,,0.2013943803320062,0.2832397133678044,,,15.113962772320178,10.67977492757004,28456608,,,,,,$\delta$-Adapter,main
bdg2_fox,dlinear,0,refit,,0.2027477801905814,0.2826940736633153,,,13.793785579229532,8.973738617833071,28456608,,,,,,$\delta$-Adapter,main
bdg2_fox,dlinear,1,legacy,,0.2029151794774135,0.2854058416782328,,,14.80177333696664,10.488289074707902,28456608,,,,,,$\delta$-Adapter,main
bdg2_fox,dlinear,1,refit,,0.2027324701679582,0.2840687387406479,,,15.00175238588718,10.81877180845181,28456608,,,,,,$\delta$-Adapter,main
bdg2_fox,dlinear,2,legacy,,0.2023014269368157,0.2853638083577698,,,15.494343133634803,11.44632440669988,28456608,,,,,,$\delta$-Adapter,main
bdg2_fox,dlinear,2,refit,,0.2023308106396136,0.2833652343816588,,,14.410502347504316,10.19725038132493,28456608,,,,,,$\delta$-Adapter,main
bdg2_fox,patchtst,0,legacy,,0.172036016032848,0.2784708009724346,,,9.586236394819103,6.548062404910326,28456608,,,,,,$\delta$-Adapter,main
bdg2_fox,patchtst,0,refit,,0.1614634323770593,0.2696594460908023,,,9.754013067402544,6.753623248807061,28456608,,,,,,$\delta$-Adapter,main
bdg2_fox,patchtst,1,legacy,,0.1653408060012856,0.2718347299776161,,,10.429971358005153,7.56179649736689,28456608,,,,,,$\delta$-Adapter,main
bdg2_fox,patchtst,1,refit,,0.1582211563107451,0.2650006755716338,,,10.84451418860224,7.750834930579098,28456608,,,,,,$\delta$-Adapter,main
bdg2_fox,patchtst,2,legacy,,0.1639411385940481,0.2696936451548878,,,10.667854445834635,7.877086503149511,28456608,,,,,,$\delta$-Adapter,main
bdg2_fox,patchtst,2,refit,,0.1579570900653475,0.2640953449868099,,,9.984355581559612,7.636178933823812,28456608,,,,,,$\delta$-Adapter,main
bdg2_panther,dlinear,0,legacy,,0.0723782094752012,0.1699646957859057,,,7.083676339503031,4.80218171780924,28456608,,,,,,$\delta$-Adapter,main
bdg2_panther,dlinear,0,refit,,0.0725438419899794,0.1702237896621185,,,6.185137134110896,4.267453516010599,28456608,,,,,,$\delta$-Adapter,main
bdg2_panther,dlinear,1,legacy,,0.0730689044481341,0.1713439987086769,,,6.726475658103626,4.463712590113178,28456608,,,,,,$\delta$-Adapter,main
bdg2_panther,dlinear,1,refit,,0.072405209219317,0.1697309662102814,,,5.487760662807295,3.905840484940348,28456608,,,,,,$\delta$-Adapter,main
bdg2_panther,dlinear,2,legacy,,0.0738299784640255,0.1723142039440535,,,8.289946780187085,5.396678965683998,28456608,,,,,,$\delta$-Adapter,main
bdg2_panther,dlinear,2,refit,,0.0715484673549537,0.169074633896049,,,6.708628188271659,4.491000656712196,28456608,,,,,,$\delta$-Adapter,main
bdg2_panther,patchtst,0,legacy,,0.0694650918230965,0.1652310212985081,,,5.608259973873031,4.442217845516804,28456608,,,,,,$\delta$-Adapter,main
bdg2_panther,patchtst,0,refit,,0.0680207448273109,0.1639265343393904,,,16.068882584439002,13.29999276809344,28456608,,,,,,$\delta$-Adapter,main
bdg2_panther,patchtst,1,legacy,,0.0697824877856381,0.1658988003798649,,,6.638826489669436,5.306688367937218,28456608,,,,,,$\delta$-Adapter,main
bdg2_panther,patchtst,1,refit,,0.0682854811098495,0.1628923681762225,,,5.3813429628845615,4.002750825967971,28456608,,,,,,$\delta$-Adapter,main
bdg2_panther,patchtst,2,legacy,,0.0689717925184315,0.1643381636100322,,,5.489000278846746,4.424769936589268,28456608,,,,,,$\delta$-Adapter,main
bdg2_panther,patchtst,2,refit,,0.068615134727229,0.1641003302300832,,,10.620699944094758,10.336392416018835,28456608,,,,,,$\delta$-Adapter,main
ETTh1,dlinear,0,legacy,,0.3933844850897944,0.3994546857317975,,,0.5532758601485388,1.040792000121871,488432,,,,,,OMPB,main
ETTh1,dlinear,1,legacy,,0.3913555984339978,0.3978962771680016,,,1.861429982193874,2.035368190036879,488432,,,,,,OMPB,main
ETTh1,dlinear,2,legacy,,0.3912418902821405,0.3978478393545572,,,0.72642329828142,0.9781175831243384,488432,,,,,,OMPB,main
ETTh1,patchtst,0,legacy,,0.40298024770511,0.416300500939236,,,6.149276429065232,4.690644895615471,488432,,,,,,OMPB,main
ETTh1,patchtst,1,legacy,,0.4078574019903946,0.4190809200688558,,,10.476910714695851,6.248021400094506,488432,,,,,,OMPB,main
ETTh1,patchtst,2,legacy,,0.4066003944978782,0.4172147617599543,,,11.99485491069382,7.948106967423985,488432,,,,,,OMPB,main
ETTh2,dlinear,0,legacy,,0.1401332231576847,0.2495607974540997,,,1.0009923574011204,1.4314382680001847,488432,,,,,,OMPB,main
ETTh2,dlinear,1,legacy,,0.1367761864291446,0.2457912183702738,,,0.1095696891278419,0.2588575827460082,488432,,,,,,OMPB,main
ETTh2,dlinear,2,legacy,,0.141683683254857,0.2505296841394104,,,1.9258783108814792,2.3907002073393917,488432,,,,,,OMPB,main
ETTh2,patchtst,0,legacy,,0.1477348386454963,0.25826407976465,,,19.939768896316263,11.31294875540496,488432,,,,,,OMPB,main
ETTh2,patchtst,1,legacy,,0.1482665578601431,0.2601623643650982,,,19.774096041027512,13.459468479800584,488432,,,,,,OMPB,main
ETTh2,patchtst,2,legacy,,0.1520851682554626,0.2654873518137712,,,34.885927605180925,25.7424471871891,488432,,,,,,OMPB,main
ETTm1,dlinear,0,legacy,,0.2580969397795133,0.3331497668663963,,,2.055789652548068,1.695919506179533,488432,,,,,,OMPB,main
ETTm1,dlinear,1,legacy,,0.2569117189219735,0.3321249141561794,,,2.075383675729392,1.6388981878450282,488432,,,,,,OMPB,main
ETTm1,dlinear,2,legacy,,0.2546719786687642,0.3288393264662906,,,2.5290166688113347,2.30069150648472,488432,,,,,,OMPB,main
ETTm1,patchtst,0,legacy,,0.2882283539910317,0.350023890312497,,,8.485297545723158,3.449015299719693,488432,,,,,,OMPB,main
ETTm1,patchtst,1,legacy,,0.2872231702774535,0.3495514294141713,,,13.478435989533487,6.724895119068108,488432,,,,,,OMPB,main
ETTm1,patchtst,2,legacy,,0.2741573716281953,0.3380891711023691,,,14.725840054306383,6.454047128879958,488432,,,,,,OMPB,main
ETTm2,dlinear,0,legacy,,0.0959948045446418,0.2053880016001759,,,1.1520677013359235,1.4122980144049668,488432,,,,,,OMPB,main
ETTm2,dlinear,1,legacy,,0.0955498862600892,0.2041896590544049,,,1.1250465385466812,0.9760497573154892,488432,,,,,,OMPB,main
ETTm2,dlinear,2,legacy,,0.0950118806379553,0.2036341993184829,,,0.965662279923274,1.0389847590537626,488432,,,,,,OMPB,main
ETTm2,patchtst,0,legacy,,0.1015623141110124,0.2085338760207023,,,16.42900692357676,10.91739972652298,488432,,,,,,OMPB,main
ETTm2,patchtst,1,legacy,,0.1012104199224423,0.2102925006706902,,,6.809853187077641,3.933164494754704,488432,,,,,,OMPB,main
ETTm2,patchtst,2,legacy,,0.0989069175536065,0.2105521531165785,,,16.26125548657994,10.655624122685026,488432,,,,,,OMPB,main
appliances,dlinear,0,legacy,,0.2148093638648201,0.2775400500596971,,,7.636339488766863,3.654670381724789,1812656,,,,,,OMPB,main
appliances,dlinear,1,legacy,,0.2134505951409842,0.2774333391946792,,,8.727216311562236,5.237730958861797,1812656,,,,,,OMPB,main
appliances,dlinear,2,legacy,,0.2133109962943851,0.2774687439320564,,,13.500892537556696,8.78454987879509,1812656,,,,,,OMPB,main
appliances,patchtst,0,legacy,,0.2094072682658779,0.2705634107372867,,,50.32090084190536,27.617444115873013,1812656,,,,,,OMPB,main
appliances,patchtst,1,legacy,,0.2132778227964289,0.2753189240254123,,,52.47927902542291,29.2506264945778,1812656,,,,,,OMPB,main
appliances,patchtst,2,legacy,,0.2023586335351443,0.2649646127728111,,,53.999282779783975,31.39047428906405,1812656,,,,,,OMPB,main
bdg2,dlinear,0,legacy,,0.2066522041551488,0.2912131290418446,,,4.737720641934651,4.928582100380774,1046000,,,,,,OMPB,main
bdg2,dlinear,1,legacy,,0.2051152118509078,0.2900094439145656,,,9.202510907264273,10.261053989866076,1046000,,,,,,OMPB,main
bdg2,dlinear,2,legacy,,0.2056987278162559,0.2884292666790774,,,6.190961123963623,7.047467617430547,1046000,,,,,,OMPB,main
bdg2,patchtst,0,legacy,,0.1917153424900113,0.2884433315256716,,,12.984169768087828,10.449402458946556,1046000,,,,,,OMPB,main
bdg2,patchtst,1,legacy,,0.1940175412785595,0.2897674049192359,,,12.80360521261692,9.40368532274597,1046000,,,,,,OMPB,main
bdg2,patchtst,2,legacy,,0.1928592824297225,0.2884785337641813,,,11.54893335738404,9.572524906741952,1046000,,,,,,OMPB,main
ETTh1,dlinear,0,refit,,0.3930932937222062,0.3996985956192052,,,1.683380587229999,2.007430909982011,488432,,,,,,OMPB,main
ETTh1,dlinear,1,refit,,0.3955385306890096,0.4002471690403663,,,1.019659308633103,1.437511374253886,488432,,,,,,OMPB,main
ETTh1,dlinear,2,refit,,0.3871603431384619,0.3950644884324398,,,0.5545997244133738,0.8884829546733419,488432,,,,,,OMPB,main
ETTh1,patchtst,0,refit,,0.3957400331857519,0.4133669524056901,,,6.015808235393417,3.864193919463765,488432,,,,,,OMPB,main
ETTh1,patchtst,1,refit,,0.3996050928762218,0.4140185454679615,,,7.658315356424539,4.514822861303191,488432,,,,,,OMPB,main
ETTh1,patchtst,2,refit,,0.3977906600422047,0.4154610308160963,,,6.628316145357505,5.429746147766879,488432,,,,,,OMPB,main
ETTh2,dlinear,0,refit,,0.1463461214266271,0.2560320181182156,,,7.073437777681213,6.413530666820377,488432,,,,,,OMPB,main
ETTh2,dlinear,1,refit,,0.1392785008786185,0.2492419013096407,,,1.2661892712615308,1.6106996703612375,488432,,,,,,OMPB,main
ETTh2,dlinear,2,refit,,0.1441921135648457,0.2533404079017822,,,4.208088894568817,3.761237444453769,488432,,,,,,OMPB,main
ETTh2,patchtst,0,refit,,0.1440106363678437,0.2538982847841804,,,6.440628008323124,4.523299336089126,488432,,,,,,OMPB,main
ETTh2,patchtst,1,refit,,0.1475652486616909,0.2655633915755853,,,11.32297824295636,11.938115915044278,488432,,,,,,OMPB,main
ETTh2,patchtst,2,refit,,0.1456086203697917,0.2540006292764241,,,8.986359710213376,4.975765917176977,488432,,,,,,OMPB,main
ETTm1,dlinear,0,refit,,0.2576896077748081,0.3328361914998614,,,2.390442896504752,1.8528363301887008,488432,,,,,,OMPB,main
ETTm1,dlinear,1,refit,,0.2620204290164825,0.3383445736263602,,,3.4652041227338337,2.5259390538420745,488432,,,,,,OMPB,main
ETTm1,dlinear,2,refit,,0.2470926058991356,0.3226198484759169,,,3.23019832149144,3.348724862796759,488432,,,,,,OMPB,main
ETTm1,patchtst,0,refit,,0.2803967946133769,0.3430999870996975,,,12.455609482998774,4.649821802528608,488432,,,,,,OMPB,main
ETTm1,patchtst,1,refit,,0.2782929942755468,0.3470985193050425,,,10.690396090975362,4.445789865037275,488432,,,,,,OMPB,main
ETTm1,patchtst,2,refit,,0.2676747654777309,0.3331452071964237,,,10.729575213781406,4.024128338312416,488432,,,,,,OMPB,main
ETTm2,dlinear,0,refit,,0.097904739104269,0.2072146924309109,,,4.042858801431271,3.688964928323213,488432,,,,,,OMPB,main
ETTm2,dlinear,1,refit,,0.0981741997453376,0.207848622284243,,,5.361202561147083,4.313854191191558,488432,,,,,,OMPB,main
ETTm2,dlinear,2,refit,,0.0963594972049728,0.2052217253348441,,,6.560393489567085,5.112840740695457,488432,,,,,,OMPB,main
ETTm2,patchtst,0,refit,,0.095774727782169,0.2042567197466519,,,25.43493841611861,15.847593477751198,488432,,,,,,OMPB,main
ETTm2,patchtst,1,refit,,0.097995463408737,0.2079312899340476,,,13.333872836309602,10.1300090383878,488432,,,,,,OMPB,main
ETTm2,patchtst,2,refit,,0.0979769716102077,0.2111161194118183,,,12.248659633092783,9.95558232195517,488432,,,,,,OMPB,main
appliances,dlinear,0,refit,,0.2070091929836438,0.2708978009536482,,,6.529929461428741,2.4479637255695352,1812656,,,,,,OMPB,main
appliances,dlinear,1,refit,,0.2100545646834682,0.2724954941732525,,,5.217199873653233,0.8900755903741842,1812656,,,,,,OMPB,main
appliances,dlinear,2,refit,,0.2123944754402228,0.2756502566763286,,,6.815879052474793,3.0433226270350167,1812656,,,,,,OMPB,main
appliances,patchtst,0,refit,,0.2053800010331392,0.2685263536670021,,,56.262004062720216,31.722086390677696,1812656,,,,,,OMPB,main
appliances,patchtst,1,refit,,0.2081338095427572,0.2732530763506233,,,51.652596045441456,29.977983202953485,1812656,,,,,,OMPB,main
appliances,patchtst,2,refit,,0.1968180233681684,0.2605134156479057,,,53.72962127264322,31.73227294650195,1812656,,,,,,OMPB,main
bdg2,dlinear,0,refit,,0.207195559595059,0.2895200150756897,,,3.266136382163132,2.20757422595671,1046000,,,,,,OMPB,main
bdg2,dlinear,1,refit,,0.2067260792045228,0.2907005479396225,,,5.602854598464657,5.98693449883092,1046000,,,,,,OMPB,main
bdg2,dlinear,2,refit,,0.2056698901602152,0.2900573236198631,,,6.60854625307431,6.991285473723552,1046000,,,,,,OMPB,main
bdg2,patchtst,0,refit,,0.1880297974667836,0.2840047449081168,,,6.267876902811887,5.335807019456295,1046000,,,,,,OMPB,main
bdg2,patchtst,1,refit,,0.1916155751540901,0.2875595396873048,,,9.41886495700115,9.924895856055103,1046000,,,,,,OMPB,main
bdg2,patchtst,2,refit,,0.1918702177941109,0.2871932132945926,,,6.051134217700415,5.394533138049873,1046000,,,,,,OMPB,main
bdg2_fox,dlinear,0,legacy,,0.2223231475896514,0.3026167442105016,,,6.292663421100986,4.5691884722814375,1046000,,,,,,OMPB,main
bdg2_fox,dlinear,0,refit,,0.2243530154360301,0.3024369918948261,,,4.607467778711117,2.6166048721550483,1046000,,,,,,OMPB,main
bdg2_fox,dlinear,1,legacy,,0.2261925658580506,0.3066701288827894,,,5.0282707035608,3.819179857831567,1046000,,,,,,OMPB,main
bdg2_fox,dlinear,1,refit,,0.2245275204298882,0.3051944296375879,,,5.863891650550668,4.186521216794104,1046000,,,,,,OMPB,main
bdg2_fox,dlinear,2,legacy,,0.2248068643185907,0.3052555205771978,,,6.093337921715314,5.273557646220994,1046000,,,,,,OMPB,main
bdg2_fox,dlinear,2,refit,,0.22362307604046,0.3030234910332151,,,5.403498946583529,3.9672500643431303,1046000,,,,,,OMPB,main
bdg2_fox,patchtst,0,legacy,,0.1773492193872898,0.2829096632549728,,,6.793875102384628,5.058425862865745,1046000,,,,,,OMPB,main
bdg2_fox,patchtst,0,refit,,0.1674634145513706,0.275100988112632,,,6.40047161887054,4.87197554526575,1046000,,,,,,OMPB,main
bdg2_fox,patchtst,1,legacy,,0.1695071668191582,0.275002425178348,,,8.172929876141154,6.484612380298104,1046000,,,,,,OMPB,main
bdg2_fox,patchtst,1,refit,,0.1632454424964415,0.2688772530709503,,,8.013396743969869,6.401362757093332,1046000,,,,,,OMPB,main
bdg2_fox,patchtst,2,legacy,,0.1711551933417385,0.275627953778422,,,6.736888769475735,5.850024279731192,1046000,,,,,,OMPB,main
bdg2_fox,patchtst,2,refit,,0.1648821722617036,0.2706938859661519,,,6.037931041212752,5.32842732107116,1046000,,,,,,OMPB,main
bdg2_panther,dlinear,0,legacy,,0.0759247612462728,0.1760406101241541,,,2.530751438086332,1.399040927916495,1046000,,,,,,OMPB,main
bdg2_panther,dlinear,0,refit,,0.0751592442667186,0.1748228044117592,,,2.802856857787672,1.6810030899306216,1046000,,,,,,OMPB,main
bdg2_panther,dlinear,1,legacy,,0.0762453854779828,0.1770052302025402,,,2.6716512030651174,1.3071792818693195,1046000,,,,,,OMPB,main
bdg2_panther,dlinear,1,refit,,0.0741473441126193,0.1732452503586621,,,3.213710608000841,1.916208368445138,1046000,,,,,,OMPB,main
bdg2_panther,dlinear,2,legacy,,0.0776690342535819,0.1791715588012089,,,3.521152069707689,1.6318788032532727,1046000,,,,,,OMPB,main
bdg2_panther,dlinear,2,refit,,0.074993220656836,0.1752104698107612,,,2.217046845358006,1.0249127235626765,1046000,,,,,,OMPB,main
bdg2_panther,patchtst,0,legacy,,0.0697999715891802,0.1662046599233097,,,5.153212942470809,3.879135036521153,1046000,,,,,,OMPB,main
bdg2_panther,patchtst,0,refit,,0.0684706782826713,0.1646518252042321,,,15.513707574713465,12.91638968955331,1046000,,,,,,OMPB,main
bdg2_panther,patchtst,1,legacy,,0.0707919763891675,0.1674618146907796,,,5.288243504432244,4.414536038384986,1046000,,,,,,OMPB,main
bdg2_panther,patchtst,1,refit,,0.0698854214285963,0.1653798412449834,,,3.1644118987856573,2.536810004620216,1046000,,,,,,OMPB,main
bdg2_panther,patchtst,2,legacy,,0.0695441525136171,0.1659768036022882,,,4.7047040706406085,3.4717752650495703,1046000,,,,,,OMPB,main
bdg2_panther,patchtst,2,refit,,0.0698037676210175,0.1671549427799258,,,9.072365506035595,8.667367249487,1046000,,,,,,OMPB,main
ETTh1,dlinear,0,legacy,,0.3678238076853575,0.38676667878119103,,,7.014958338771338,4.1840649764513955,301984,,,,,,ELF,main
ETTh1,dlinear,1,legacy,,0.3671277386366387,0.38647619766997193,,,7.936946787419064,4.847065477650892,301984,,,,,,ELF,main
ETTh1,dlinear,2,legacy,,0.36625319003280193,0.3852371769485658,,,7.067047123327397,4.116833962710221,301984,,,,,,ELF,main
ETTh1,patchtst,0,legacy,,0.3661363202808822,0.39235897495746014,,,14.729918452217493,10.171905178487417,301984,,,,,,ELF,main
ETTh1,patchtst,1,legacy,,0.3665370002740851,0.3917846775505144,,,19.54657573512112,12.354423819982562,301984,,,,,,ELF,main
ETTh1,patchtst,2,legacy,,0.36854035519378847,0.3930480235587961,,,20.232621834647446,13.280118688330466,301984,,,,,,ELF,main
ETTh2,dlinear,0,legacy,,0.13460772923520892,0.24361254521258824,,,4.904552146679498,3.780808338324493,301984,,,,,,ELF,main
ETTh2,dlinear,1,legacy,,0.13323726951208983,0.24186640290810257,,,2.6941126779920777,1.8515327831436723,301984,,,,,,ELF,main
ETTh2,dlinear,2,legacy,,0.1345245295648855,0.24424280171575696,,,6.88147865985319,4.8401432478300315,301984,,,,,,ELF,main
ETTh2,patchtst,0,legacy,,0.1385505546090412,0.24897992380114845,,,24.916901637801057,14.501097941494656,301984,,,,,,ELF,main
ETTh2,patchtst,1,legacy,,0.13821287517419298,0.25022037187951474,,,25.214067085326263,16.766577546755414,301984,,,,,,ELF,main
ETTh2,patchtst,2,legacy,,0.13995255517006808,0.25361660145478965,,,40.080410774333316,29.062729173082356,301984,,,,,,ELF,main
ETTm1,dlinear,0,legacy,,0.23919915094717517,0.31925122393535166,,,9.227238512334889,5.797028433529183,301984,,,,,,ELF,main
ETTm1,dlinear,1,legacy,,0.23881642035074901,0.3187637994463093,,,8.972597930087467,5.595885177635928,301984,,,,,,ELF,main
ETTm1,dlinear,2,legacy,,0.2389989309213963,0.318824275717462,,,8.52758543055,5.276197943633221,301984,,,,,,ELF,main
ETTm1,patchtst,0,legacy,,0.23420299636298084,0.3176506276040683,,,25.638760971014086,12.378892599435144,301984,,,,,,ELF,main
ETTm1,patchtst,1,legacy,,0.24181401754438497,0.3220908782670211,,,27.157245087908088,14.05253154908177,301984,,,,,,ELF,main
ETTm1,patchtst,2,legacy,,0.23645534218978892,0.3177344562654804,,,26.452713818503494,12.085996796561382,301984,,,,,,ELF,main
ETTm2,dlinear,0,legacy,,0.08586067904707548,0.1913043022531826,,,11.587396528155413,8.172573898382929,301984,,,,,,ELF,main
ETTm2,dlinear,1,legacy,,0.08596964032028903,0.1912215578688467,,,11.038678134806212,7.265068567022492,301984,,,,,,ELF,main
ETTm2,dlinear,2,legacy,,0.0857761835263199,0.19101572187972554,,,10.592365179525276,7.171242220293816,301984,,,,,,ELF,main
ETTm2,patchtst,0,legacy,,0.08578925450816313,0.19133183330105044,,,29.407937803616633,18.265859001935347,301984,,,,,,ELF,main
ETTm2,patchtst,1,legacy,,0.08568305247002797,0.1912070239514201,,,21.10677689925593,12.65188411947622,301984,,,,,,ELF,main
ETTm2,patchtst,2,legacy,,0.08641368682866343,0.19288928645426073,,,26.83854857890797,18.15057382892371,301984,,,,,,ELF,main
appliances,dlinear,0,legacy,,0.1933754312536919,0.2562543002001724,,,16.85249487182895,11.043811465856413,1119288,,,,,,ELF,main
appliances,dlinear,1,legacy,,0.19330390005832457,0.25687907056373954,,,17.342066699315637,12.258405329154975,1119288,,,,,,ELF,main
appliances,dlinear,2,legacy,,0.1939093040288901,0.2577301486109051,,,21.368415044039335,15.27344239859546,1119288,,,,,,ELF,main
appliances,patchtst,0,legacy,,0.18071315860718626,0.24865892818952917,,,57.128198080401745,33.47744723974494,1119288,,,,,,ELF,main
appliances,patchtst,1,legacy,,0.18255689072805906,0.25187743994257794,,,59.324251567614404,35.274441670990385,1119288,,,,,,ELF,main
appliances,patchtst,2,legacy,,0.18236874503610656,0.25037124661874777,,,58.54343882612426,35.169257877855244,1119288,,,,,,ELF,main
bdg2,dlinear,0,legacy,,0.1840960741449647,0.265918717014358,,,15.135617761162944,13.18636781321102,646112,,,,,,ELF,main
bdg2,dlinear,1,legacy,,0.18344570995389864,0.26745758236046635,,,18.794858273333105,17.239379450975957,646112,,,,,,ELF,main
bdg2,dlinear,2,legacy,,0.1841439928477116,0.2663724436871419,,,16.021012053753758,14.155753045676288,646112,,,,,,ELF,main
bdg2,patchtst,0,legacy,,0.1739726928944765,0.2671270590053758,,,21.037210098700932,17.06728795986525,646112,,,,,,ELF,main
bdg2,patchtst,1,legacy,,0.17564226233190167,0.2664408440520911,,,21.06192075873883,16.696777688490116,646112,,,,,,ELF,main
bdg2,patchtst,2,legacy,,0.17352121912854124,0.2643983179131066,,,20.41795072716094,17.12079233135857,646112,,,,,,ELF,main
ETTh1,dlinear,0,refit,,0.36800357278615786,0.38729081241878394,,,7.958574246945005,5.049399447894021,301984,,,,,,ELF,main
ETTh1,dlinear,1,refit,,0.3686536645156496,0.3871763048984607,,,7.7473811531914905,4.656264679627853,301984,,,,,,ELF,main
ETTh1,dlinear,2,refit,,0.3656464246317308,0.38495094724644424,,,6.080631187385476,3.425710265641413,301984,,,,,,ELF,main
ETTh1,patchtst,0,refit,,0.3658334047330056,0.39251852604182597,,,13.118325210764581,8.712864724752833,301984,,,,,,ELF,main
ETTh1,patchtst,1,refit,,0.3634583055566834,0.3911979708117437,,,16.011199979376833,9.777936403699893,301984,,,,,,ELF,main
ETTh1,patchtst,2,refit,,0.36192512686293005,0.392425388677701,,,15.04687787060799,10.673286126469606,301984,,,,,,ELF,main
ETTh2,dlinear,0,refit,,0.1363929992268162,0.24690414180609008,,,13.393451047529236,9.750010700998635,301984,,,,,,ELF,main
ETTh2,dlinear,1,refit,,0.13456174226475384,0.24379479371404694,,,4.6098751186582465,3.7609685550658245,301984,,,,,,ELF,main
ETTh2,dlinear,2,refit,,0.13592485568679394,0.24565612355050073,,,9.700320141903074,6.6803375722904175,301984,,,,,,ELF,main
ETTh2,patchtst,0,refit,,0.13657095337380298,0.2462361645153326,,,11.273965922070683,7.404586872086072,301984,,,,,,ELF,main
ETTh2,patchtst,1,refit,,0.13824478193461748,0.25309370391826774,,,16.92396653958005,16.073114276600265,301984,,,,,,ELF,main
ETTh2,patchtst,2,refit,,0.13761742246501069,0.24636483750895471,,,13.981311312276157,7.832393738874488,301984,,,,,,ELF,main
ETTm1,dlinear,0,refit,,0.23987918177844167,0.31965578520927296,,,9.13680650946479,5.7394914670821695,301984,,,,,,ELF,main
ETTm1,dlinear,1,refit,,0.2408321487874222,0.3210226612855251,,,11.271489741684471,7.516227862431446,301984,,,,,,ELF,main
ETTm1,dlinear,2,refit,,0.23639229139151807,0.3172088651192695,,,7.420802524445602,4.969761025440656,301984,,,,,,ELF,main
ETTm1,patchtst,0,refit,,0.2341020978967369,0.3151491595386347,,,26.909558622524045,12.417576069274517,301984,,,,,,ELF,main
ETTm1,patchtst,1,refit,,0.2400622395629174,0.32109826896189586,,,22.959384641751935,11.603508053593604,301984,,,,,,ELF,main
ETTm1,patchtst,2,refit,,0.23422494423499127,0.31530341395370054,,,21.885201878973625,9.164174244686052,301984,,,,,,ELF,main
ETTm2,dlinear,0,refit,,0.0859677712913702,0.19157491196279453,,,15.742367082488107,10.95815722114436,301984,,,,,,ELF,main
ETTm2,dlinear,1,refit,,0.08615758694167636,0.19177121569961073,,,16.94507885427502,11.715322884021306,301984,,,,,,ELF,main
ETTm2,dlinear,2,refit,,0.08656052173361206,0.1922637892191201,,,16.062439876356237,11.104125269068133,301984,,,,,,ELF,main
ETTm2,patchtst,0,refit,,0.08593153967937428,0.19195641299273788,,,33.09831626184785,20.91523784013797,301984,,,,,,ELF,main
ETTm2,patchtst,1,refit,,0.0865779978548114,0.1926546473789863,,,23.431355792804844,16.732727315096476,301984,,,,,,ELF,main
ETTm2,patchtst,2,refit,,0.08680695052933285,0.19357298546558596,,,22.252891297579712,17.43801087756457,301984,,,,,,ELF,main
appliances,dlinear,0,refit,,0.19240490172361246,0.25514502386488963,,,13.124149334305724,8.120639829162302,1119288,,,,,,ELF,main
appliances,dlinear,1,refit,,0.1927177931318744,0.25478969436317506,,,13.040061306286354,7.329890260017969,1119288,,,,,,ELF,main
appliances,dlinear,2,refit,,0.19330923571414146,0.2563149893057635,,,15.18917258217497,9.844271419798767,1119288,,,,,,ELF,main
appliances,patchtst,0,refit,,0.17785015487197461,0.2475296182400603,,,62.124796415889335,37.06090423101656,1119288,,,,,,ELF,main
appliances,patchtst,1,refit,,0.17813952192321178,0.24790539884415916,,,58.6199693090989,36.47341053291445,1119288,,,,,,ELF,main
appliances,patchtst,2,refit,,0.18031463683111262,0.24954676743792698,,,57.60943843717753,34.606090960167755,1119288,,,,,,ELF,main
bdg2,dlinear,0,refit,,0.18436336221870087,0.26393567991129696,,,13.925856462152842,10.849305599478631,646112,,,,,,ELF,main
bdg2,dlinear,1,refit,,0.18401540478048758,0.26603673443292375,,,15.973209630698438,13.963254912218936,646112,,,,,,ELF,main
bdg2,dlinear,2,refit,,0.18334312917389214,0.265758606508524,,,16.746776328213475,14.782822729046007,646112,,,,,,ELF,main
bdg2,patchtst,0,refit,,0.1715608784200414,0.2612548685098514,,,14.47756902695283,12.918774305251679,646112,,,,,,ELF,main
bdg2,patchtst,1,refit,,0.17356434100053575,0.26566812058082395,,,17.952102807008984,16.782160469912967,646112,,,,,,ELF,main
bdg2,patchtst,2,refit,,0.17409717279149434,0.26362853093259303,,,14.753669914435596,13.157069552946766,646112,,,,,,ELF,main
bdg2_fox,dlinear,0,legacy,,0.1759425950775218,0.2670600883223226,,,25.84167616264125,15.782052900762732,646112,,,,,,ELF,main
bdg2_fox,dlinear,0,refit,,0.176374097224779,0.2663310263307556,,,25.007596979177997,14.242568643878384,646112,,,,,,ELF,main
bdg2_fox,dlinear,1,legacy,,0.1761718198400659,0.2672872208889678,,,26.03053809464402,16.17082429163642,646112,,,,,,ELF,main
bdg2_fox,dlinear,1,refit,,0.1762299294383989,0.2673059550645421,,,26.113290253836563,16.081320735066374,646112,,,,,,ELF,main
bdg2_fox,dlinear,2,legacy,,0.1760439831631782,0.2678524457757664,,,26.46264210868804,16.88042458291854,646112,,,,,,ELF,main
bdg2_fox,dlinear,2,refit,,0.1758677574082741,0.2668853614701594,,,25.604840101905403,15.419972583109454,646112,,,,,,ELF,main
bdg2_fox,patchtst,0,legacy,,0.1566480864252824,0.2581215671036227,,,17.673383853790416,13.377056062325554,646112,,,,,,ELF,main
bdg2_fox,patchtst,0,refit,,0.1535307318860586,0.2558323232947879,,,14.187799555845691,11.534946952883828,646112,,,,,,ELF,main
bdg2_fox,patchtst,1,legacy,,0.1541200676591076,0.2568618023849832,,,16.508578805252007,12.65338478688368,646112,,,,,,ELF,main
bdg2_fox,patchtst,1,refit,,0.1527530039470835,0.2558588288572744,,,13.92574423293027,10.933195597294908,646112,,,,,,ELF,main
bdg2_fox,patchtst,2,legacy,,0.156612534656497,0.2585950918160283,,,14.661238408350952,11.668169784287771,646112,,,,,,ELF,main
bdg2_fox,patchtst,2,refit,,0.1533490251914321,0.2552618557197038,,,12.610372109060007,10.72557387222276,646112,,,,,,ELF,main
bdg2_panther,dlinear,0,legacy,,0.0645714094415725,0.1597659239202654,,,17.105741874654957,10.514549373205927,646112,,,,,,ELF,main
bdg2_panther,dlinear,0,refit,,0.0645722431195545,0.1598904003382136,,,16.494136965607154,10.0788719772695,646112,,,,,,ELF,main
bdg2_panther,dlinear,1,legacy,,0.0644993363564443,0.1596497756597401,,,17.665654561040846,10.98406149441342,646112,,,,,,ELF,main
bdg2_panther,dlinear,1,refit,,0.0645434901825356,0.1597654377856747,,,15.749849250320391,9.547881530647915,646112,,,,,,ELF,main
bdg2_panther,dlinear,2,legacy,,0.0647509063752711,0.1603996728104664,,,19.567780009569635,11.937951756927944,646112,,,,,,ELF,main
bdg2_panther,dlinear,2,refit,,0.0642866907592892,0.1593320453274469,,,16.177190205665337,9.994516256649188,646112,,,,,,ELF,main
bdg2_panther,patchtst,0,legacy,,0.064002084282525,0.1581299428926661,,,13.031596991027028,8.548972727467552,646112,,,,,,ELF,main
bdg2_panther,patchtst,0,refit,,0.0650313236580703,0.161036881655389,,,19.75754344513804,14.828317084899446,646112,,,,,,ELF,main
bdg2_panther,patchtst,1,legacy,,0.0642925832951033,0.1588220132687886,,,13.983705440824446,9.34604492584179,646112,,,,,,ELF,main
bdg2_panther,patchtst,1,refit,,0.0632984872062637,0.1569350022770851,,,12.291489280086154,7.513601242371015,646112,,,,,,ELF,main
bdg2_panther,patchtst,2,legacy,,0.0642108326159199,0.1591709056962753,,,12.012871322193307,7.429926213473381,646112,,,,,,ELF,main
bdg2_panther,patchtst,2,refit,,0.064072498488999,0.1596604406376917,,,16.53801904571377,12.762326096775178,646112,,,,,,ELF,main
