dataset,backbone,phase,seed,candidate,mse,mae,static_mse,static_mae,state_bytes,mse_reduction_pct,mae_reduction_pct
ETTh1,dlinear,legacy,0,half32,0.3590437433438126,0.3841493047355054,0.3955730955366408,0.4036559040895817,4528,9.234539104150109,4.832482110740354
ETTh1,dlinear,legacy,1,half32,0.3589471273319409,0.3845167580750063,0.3987785825318127,0.4061631936103852,4528,9.98836370473688,5.329492153871385
ETTh1,dlinear,legacy,2,half32,0.3606056397700613,0.3849617954024783,0.394104759071673,0.4017776976604459,4528,8.500054498331867,4.185374737295444
ETTh1,dlinear,refit,0,half32,0.3592199099771217,0.3850022234204992,0.3998238508098546,0.4078866380694986,4528,10.155457397173395,5.610484020096818
ETTh1,dlinear,refit,1,half32,0.3614359276858057,0.3861087580070211,0.3996132241273529,0.4060846825409959,4528,9.553561828419488,4.919152431207041
ETTh1,dlinear,refit,2,half32,0.3576352239776171,0.3826915725782027,0.3893195080572351,0.3986060351106982,4528,8.138375659038378,3.992529247098797
ETTh1,patchtst,legacy,0,half32,0.3731063139151771,0.4027899539576047,0.4293842736337855,0.4367887081843084,4528,13.106665328550637,7.783798800118602
ETTh1,patchtst,legacy,1,half32,0.3806397436804588,0.4086202076223186,0.4555890611533522,0.4470102138935314,4528,16.4510792430254,8.58817205468968
ETTh1,patchtst,legacy,2,half32,0.3823467273312767,0.4075783355562096,0.4620188900151997,0.4532386548664535,4528,17.244351779924383,10.074233258788945
ETTh1,patchtst,refit,0,half32,0.3668765251708509,0.3991772497326341,0.4210708479325173,0.4299823023893913,4528,12.870594824544067,7.164260595279148
ETTh1,patchtst,refit,1,half32,0.3743442759843219,0.4044335696623927,0.4327461583775899,0.4335945723455897,4528,13.49564433159215,6.725407683368023
ETTh1,patchtst,refit,2,half32,0.3715912363362084,0.4032338398187713,0.4260292238720581,0.439314704035011,4528,12.777993735049066,8.212988066378092
ETTh2,dlinear,legacy,0,half32,0.1347433864847273,0.2436609147260356,0.1415501291321895,0.2531849842068671,4528,4.808715251051154,3.761703922002635
ETTh2,dlinear,legacy,1,half32,0.1336575522081054,0.242120467761972,0.1369262160584143,0.2464291188304605,4528,2.3871716785881514,1.7484342308803247
ETTh2,dlinear,legacy,2,half32,0.1353142950641711,0.2441215393555927,0.1444659210958572,0.2566657938040531,4528,6.334799212344178,4.887388483888532
ETTh2,dlinear,refit,0,half32,0.1369956520770641,0.2461832590175347,0.1574857800899883,0.2735780288993589,4528,13.01077976768189,10.013512412541681
ETTh2,dlinear,refit,1,half32,0.1340099948709451,0.2426779908840163,0.1410646462955558,0.2533221605139912,4528,5.001005999639297,4.201831220915642
ETTh2,dlinear,refit,2,half32,0.1355153505981246,0.2444807854230739,0.1505263982113731,0.2632415475578891,4528,9.972368828070655,7.126824131243781
ETTh2,patchtst,legacy,0,half32,0.1438978833038175,0.256906456395128,0.1845296180249207,0.291208328769855,4528,22.019085692582905,11.779152237721924
ETTh2,patchtst,legacy,1,half32,0.1465792187908226,0.2617043576683707,0.1848113271942272,0.3006248746049981,4528,20.687102345856,12.946539100520704
ETTh2,patchtst,legacy,2,half32,0.1428849336850797,0.2582124091921779,0.233567280715134,0.3575223553124811,4528,38.82493590386632,27.777268930079767
ETTh2,patchtst,refit,0,half32,0.141051624163028,0.2531999642026039,0.153924329869011,0.2659269570677061,4528,8.363009094753004,4.785897979444731
ETTh2,patchtst,refit,1,half32,0.1412073395523742,0.2549290816123402,0.1664075379820363,0.3015645126549745,4528,15.14366400420063,15.464495683545765
ETTh2,patchtst,refit,2,half32,0.1368806176644869,0.2466944657206512,0.1599854921813644,0.2673008961640645,4528,14.441856071977533,7.709076452465546
ETTm1,dlinear,legacy,0,half32,0.2495606680895846,0.3284773771307037,0.2635142382218697,0.3388971904247036,4528,5.29518641058655,3.074623687774425
ETTm1,dlinear,legacy,1,half32,0.2475617642849544,0.3268443353080997,0.2623566254997903,0.3376587980789953,4528,5.639217681905917,3.2027783171713953
ETTm1,dlinear,legacy,2,half32,0.245931171628138,0.3253200983887984,0.261279788061064,0.336583064442178,4528,5.874398684577498,3.3462664177848156
ETTm1,dlinear,refit,0,half32,0.2484958782409639,0.3280927902011307,0.2640003862547807,0.3391195211912552,4528,5.872911109627599,3.2515765979469258
ETTm1,dlinear,refit,1,half32,0.2535924691118254,0.3333039570380879,0.2714258901522042,0.3471124218506225,4528,6.570272655411957,3.9780958396461563
ETTm1,dlinear,refit,2,half32,0.2383479821798452,0.3182791906050469,0.2553406141308773,0.3337978190333607,4528,6.654888024324379,4.649110192886797
ETTm1,patchtst,legacy,0,half32,0.2747507259878269,0.3456054392347155,0.3149530581001868,0.3625275199409553,4528,12.764547312181207,4.667805828643267
ETTm1,patchtst,legacy,1,half32,0.2688422873181206,0.3431516377116566,0.3319671501115121,0.3747531882814637,4528,19.015394376277005,8.432630210492654
ETTm1,patchtst,legacy,2,half32,0.2678935928090754,0.3383486531830548,0.3215011110080605,0.3614150700545651,4528,16.67413155460017,6.382250985834048
ETTm1,patchtst,refit,0,half32,0.2679213818610886,0.3403271202949992,0.3202909894711344,0.3598315111578848,4528,16.35063405827265,5.420423242012173
ETTm1,patchtst,refit,1,half32,0.2642382670359937,0.3429371233570593,0.3116047794356251,0.3632477510041613,4528,15.200829873476618,5.591398044710627
ETTm1,patchtst,refit,2,half32,0.2599005049142121,0.3333181656309445,0.2998470838676395,0.3471134999125111,4528,13.322316975095493,3.9743007071299963
ETTm2,dlinear,legacy,0,half32,0.0900221713537966,0.1983162492869231,0.0971136191848692,0.2083302455210748,4528,7.302217640116004,4.806789436216874
ETTm2,dlinear,legacy,1,half32,0.0908341376670955,0.1993276587732563,0.0966370985927592,0.2062022960647236,4528,6.004899785038143,3.333928585018975
ETTm2,dlinear,legacy,2,half32,0.0896961789385222,0.1978088621865927,0.0959383208140483,0.2057721404966221,4528,6.506411434514126,3.8699496884322504
ETTm2,dlinear,refit,0,half32,0.0900056051283647,0.1980760714204434,0.1020296539490166,0.2151515579462906,4528,11.784857005062687,7.936492158755293
ETTm2,dlinear,refit,1,half32,0.0905337718221674,0.1991952879745981,0.1037356796600981,0.2172191392258054,4528,12.72648704976751,8.29754289398551
ETTm2,dlinear,refit,2,half32,0.0911382672385618,0.2002137885727117,0.1031248961800944,0.2162797652883896,4528,11.623409463219714,7.428330937133842
ETTm2,patchtst,legacy,0,half32,0.0929392229113589,0.2009501481330311,0.1215281886361414,0.2340904681503667,4528,23.52455512225119,14.15705657696753
ETTm2,patchtst,legacy,1,half32,0.0949910059956778,0.2039111502986545,0.1086063531218815,0.2189022877298879,4528,12.53641866689339,6.848323782587206
ETTm2,patchtst,legacy,2,half32,0.0948122309730484,0.206436541375868,0.1181136857595897,0.2356635782040747,4528,19.72798887503131,12.402016913660418
ETTm2,patchtst,refit,0,half32,0.0891194908940689,0.1971502350468812,0.1284445097311806,0.2427223750192446,4528,30.616348584625676,18.77541778698818
ETTm2,patchtst,refit,1,half32,0.092083786205516,0.2020632975513618,0.1130723924280687,0.2313689894804429,4528,18.562096168527308,12.66621425580382
ETTm2,patchtst,refit,2,half32,0.0937722350479797,0.2066538481638744,0.1116529630209008,0.2344577541349278,4528,16.01455750849525,11.858812720287592
appliances,dlinear,legacy,0,half32,0.1858571429009828,0.2490888546230998,0.2325691323577364,0.2880679854013933,13192,20.085206056021875,13.531226222164205
appliances,dlinear,legacy,1,half32,0.1857782139049776,0.248854019194984,0.2338600692508773,0.2927677249626008,13192,20.560096257527015,14.999503710057683
appliances,dlinear,legacy,2,half32,0.185134711135156,0.2494023972609202,0.2466048524107622,0.3041905111067943,13192,24.92657410212563,18.011118639607815
appliances,dlinear,refit,0,half32,0.1847179038099485,0.2484388602578498,0.2214710995625274,0.277695690730193,13192,16.595030152998557,10.535572372553991
appliances,dlinear,refit,1,half32,0.1865350335354332,0.2492544108110403,0.2216167536762602,0.2749426919619232,13192,15.829904354647617,9.34314018953466
appliances,dlinear,refit,2,half32,0.1863822143790976,0.2496329681318386,0.2279299018765531,0.2843024989562913,13192,18.228274199827332,12.194592362616829
appliances,patchtst,legacy,0,half32,0.182682315737727,0.2474165308250062,0.4215198580785,0.373796431242931,13192,56.66104164807677,33.80981995940734
appliances,patchtst,legacy,1,half32,0.1833022628350534,0.2491216859012509,0.4488101578057483,0.3891468014261804,13192,59.158174197476754,35.98259448921405
appliances,patchtst,legacy,2,half32,0.1805590143986961,0.2464810911220376,0.4399032140442657,0.3861921650488502,13192,58.95483173702678,36.17656870618809
appliances,patchtst,refit,0,half32,0.1786978334431835,0.2472268092389079,0.4695688419918778,0.3932843572278388,13192,61.94427366918982,37.13789915735609
appliances,patchtst,refit,1,half32,0.1795688248346891,0.2485791708290858,0.4304963504108326,0.3902387975236796,13192,58.28795652661807,36.300754203199894
appliances,patchtst,refit,2,half32,0.1749539578028374,0.2425329429629834,0.4253650581247619,0.3816055212205237,13192,58.86969217120735,36.44406868452318
bdg2,dlinear,legacy,0,half32,0.1936941407347339,0.2800486115296895,0.2169297286897771,0.3063098620758143,8176,10.71111280845768,8.573426388610661
bdg2,dlinear,legacy,1,half32,0.1926631227619687,0.2812562652538752,0.2259040573703683,0.3231701026239107,8176,14.714624870106386,12.969590017679556
bdg2,dlinear,legacy,2,half32,0.1933778579347179,0.2797187029920931,0.2192738890418394,0.3102973736013714,8176,11.809901863044125,9.854634041653753
bdg2,dlinear,refit,0,half32,0.1936194163108351,0.2775700861799307,0.2141913409078949,0.2960556635998039,8176,9.604461370782492,6.243953314421735
bdg2,dlinear,refit,1,half32,0.1941829709992432,0.2806600109292531,0.2189961129917391,0.3092129231080202,8176,11.330402925202554,9.23406172412543
bdg2,dlinear,refit,2,half32,0.192733789232018,0.27969297633927,0.2202234593301701,0.3118603725438192,8176,12.482625684731518,10.314678951404577
bdg2,patchtst,legacy,0,half32,0.1862400538126322,0.2840235128784871,0.2203223735026798,0.3221009568288342,8176,15.469295808776796,11.821586723997735
bdg2,patchtst,legacy,1,half32,0.1897730348461858,0.2870171758739463,0.2225063797094431,0.3198445830291455,8176,14.711193857003869,10.263549516549986
bdg2,patchtst,legacy,2,half32,0.1875887091063578,0.2850451398687733,0.2180406520239773,0.3190164642622972,8176,13.966176781690587,10.648768386321429
bdg2,patchtst,refit,0,half32,0.1813354056548293,0.2777188894025067,0.2006033697453123,0.3000128517088695,8176,9.60500519754267,7.431002431854717
bdg2,patchtst,refit,1,half32,0.1869513699405527,0.2846991707289042,0.2115402672566758,0.3192441934097231,8176,11.623743145926802,10.820877370346793
bdg2,patchtst,refit,2,half32,0.1850426686105719,0.2814301900286429,0.2042283493221909,0.303569363188778,8176,9.394229927086005,7.292953718247119
bdg2_fox,dlinear,legacy,0,half32,0.2083120375765251,0.2962657819036094,0.2372526588699501,0.317105910938004,8176,12.198228433464585,6.57197747362992
bdg2_fox,dlinear,legacy,1,half32,0.2092278897796697,0.297474038087639,0.2381683133851614,0.3188474879185777,8176,12.151248499077116,6.703345844266684
bdg2_fox,dlinear,legacy,2,half32,0.2091523240037724,0.2982202792003492,0.239393946439265,0.3222495356018405,8176,12.63257608862094,7.4567233608618615
bdg2_fox,dlinear,refit,0,half32,0.2090877672200991,0.2961011740543498,0.2351892860078211,0.310563203817023,8176,11.098090066421651,4.6567106421254945
bdg2_fox,dlinear,refit,1,half32,0.2078876066878546,0.2968341396268537,0.2385137057040892,0.318529744993543,8176,12.840393773526248,6.811170921299392
bdg2_fox,dlinear,refit,2,half32,0.2082102928365066,0.296290217773969,0.236396773189513,0.3155418242591663,8176,11.92337779095235,6.10112669862276
bdg2_fox,patchtst,legacy,0,half32,0.1761608775051003,0.2829923906834892,0.1902763574626705,0.2979829077263206,8176,7.418409804454795,5.030663388451551
bdg2_fox,patchtst,legacy,1,half32,0.1689899083909358,0.2769502497639973,0.1845938965389207,0.2940718444077864,8176,8.453144139949863,5.822248871961633
bdg2_fox,patchtst,legacy,2,half32,0.1735566484581703,0.2792846247576774,0.183518639989056,0.2927541421756144,8176,5.428326807282236,4.600965614982499
bdg2_fox,patchtst,refit,0,half32,0.1703459680696855,0.2787171656047402,0.1789148059266641,0.2891902672104117,8176,4.789339715401142,3.6215263074712567
bdg2_fox,patchtst,refit,1,half32,0.1654817019751286,0.2709279328266957,0.1774665404722834,0.2872662049268532,8176,6.7532947141811235,5.687502330570949
bdg2_fox,patchtst,refit,2,half32,0.1704039141623406,0.2736795783236381,0.1754773751672313,0.2859294277113034,8176,2.8912336989629916,4.284221279956435
bdg2_panther,dlinear,legacy,0,half32,0.0672779937557939,0.1632486825522772,0.0778961183824501,0.1785384359146621,8176,13.631134448219761,8.563844129167286
bdg2_panther,dlinear,legacy,1,half32,0.0667973188711746,0.1626121880826017,0.0783383119311524,0.1793496516915571,8176,14.732246298746643,9.332308956886203
bdg2_panther,dlinear,legacy,2,half32,0.0669589767630852,0.1627957381977981,0.0805036916586101,0.1821439269362954,8176,16.824961211671663,10.622472603911914
bdg2_panther,dlinear,refit,0,half32,0.0669464396861307,0.162746900886583,0.0773265981251636,0.1778118267130678,8176,13.423787791920184,8.47239809914041
bdg2_panther,dlinear,refit,1,half32,0.0669525720717043,0.1624036316147767,0.0766093468180306,0.1766298462537482,8176,12.605217440717698,8.054252970663844
bdg2_panther,dlinear,refit,2,half32,0.0666310121289591,0.1620176315363063,0.0766935526463754,0.1770248197118518,8176,13.120451681008237,8.477448642497198
bdg2_panther,patchtst,legacy,0,half32,0.0675871078136253,0.1644395282499282,0.0735923416645026,0.172912155947056,8176,8.160134213766879,4.899960705898576
bdg2_panther,patchtst,legacy,1,half32,0.0674191239708009,0.1644951613683932,0.0747446557941097,0.1751959008725725,8176,9.800743271181267,6.107870932415482
bdg2_panther,patchtst,legacy,2,half32,0.0673617355012073,0.1639776770180225,0.0729775293055062,0.1719463960494782,8176,7.695236955459905,4.634420502284142
bdg2_panther,patchtst,refit,0,half32,0.0665099131278637,0.1634409038940408,0.0810435353678489,0.1890732648971034,8176,17.93310493430288,13.556840527936153
bdg2_panther,patchtst,refit,1,half32,0.0662052613937565,0.1615193251471581,0.072169150618005,0.1696844123948981,8176,8.26376529746854,4.811925345704582
bdg2_panther,patchtst,refit,2,half32,0.0673765792960147,0.1647609935636998,0.076768485190991,0.1830177645667254,8176,12.234064371089692,9.975409243057086
ETTh1,dlinear,legacy,0,half512,0.3585532622891488,0.387077988177412,0.3955730955366408,0.4036559040895817,4528,9.358531625430766,4.106942508263323
ETTh1,dlinear,legacy,1,half512,0.3586172753580294,0.3877050787897089,0.3987785825318127,0.4061631936103852,4528,10.071079273817174,4.544507013696175
ETTh1,dlinear,legacy,2,half512,0.36008204495664,0.3880954057779913,0.394104759071673,0.4017776976604459,4528,8.632911258208276,3.4054383710511282
ETTh1,dlinear,refit,0,half512,0.3597030090031283,0.3884873082360745,0.3998238508098546,0.4078866380694986,4528,10.034629431300912,4.756059165173898
ETTh1,dlinear,refit,1,half512,0.3619949218752519,0.3894073772687918,0.3996132241273529,0.4060846825409959,4528,9.413678021854555,4.106854060056897
ETTh1,dlinear,refit,2,half512,0.3571326494643608,0.3855514498173717,0.3893195080572351,0.3986060351106982,4528,8.267466162559312,3.275059618628462
ETTh1,patchtst,legacy,0,half512,0.3782440618505711,0.4088551586752951,0.4293842736337855,0.4367887081843084,4528,11.910126877825766,6.395208709751355
ETTh1,patchtst,legacy,1,half512,0.3865897099880793,0.4152231505409999,0.4555890611533522,0.4470102138935314,4528,15.145085132333236,7.111037368846906
ETTh1,patchtst,legacy,2,half512,0.3920666991018037,0.4158894874875724,0.4620188900151997,0.4532386548664535,4528,15.140547805544202,8.240507948265364
ETTh1,patchtst,refit,0,half512,0.3701633271062448,0.4038822786655058,0.4210708479325173,0.4299823023893913,4528,12.090013135849098,6.070022784391094
ETTh1,patchtst,refit,1,half512,0.37895704841069,0.4093867002134702,0.4327461583775899,0.4335945723455897,4528,12.429714031098705,5.5830662273200655
ETTh1,patchtst,refit,2,half512,0.3747682309902718,0.4094031674844635,0.4260292238720581,0.439314704035011,4528,12.032271499098057,6.808680946896716
ETTh2,dlinear,legacy,0,half512,0.1334188048965533,0.2424178568262701,0.1415501291321895,0.2531849842068671,4528,5.744483799122923,4.252672177351402
ETTh2,dlinear,legacy,1,half512,0.1325598572135187,0.2408959866852651,0.1369262160584143,0.2464291188304605,4528,3.188840654906322,2.2453239988258544
ETTh2,dlinear,legacy,2,half512,0.1344974524058522,0.2432025109118932,0.1444659210958572,0.2566657938040531,4528,6.900221598553092,5.245452731593126
ETTh2,dlinear,refit,0,half512,0.1364459526615968,0.2450924250003694,0.1574857800899883,0.2735780288993589,4528,13.359826783325591,10.412241075641527
ETTh2,dlinear,refit,1,half512,0.1327656858982992,0.2413450229905309,0.1410646462955558,0.2533221605139912,4528,5.883090210901443,4.728025964707816
ETTh2,dlinear,refit,2,half512,0.1342504326821397,0.2432605350017208,0.1505263982113731,0.2632415475578891,4528,10.812698451987302,7.5903719384472605
ETTh2,patchtst,legacy,0,half512,0.1449071277474879,0.2580498142892689,0.1845296180249207,0.291208328769855,4528,21.472157533042633,11.386526827943722
ETTh2,patchtst,legacy,1,half512,0.1481851232138639,0.2638304276721179,0.1848113271942272,0.3006248746049981,4528,19.818159707208327,12.239322172267265
ETTh2,patchtst,legacy,2,half512,0.1456542697516893,0.2616795043018117,0.233567280715134,0.3575223553124811,4528,37.6392663793805,26.807512757321426
ETTh2,patchtst,refit,0,half512,0.1404227569893693,0.2522160712716522,0.153924329869011,0.2659269570677061,4528,8.771565152261173,5.155884137223088
ETTh2,patchtst,refit,1,half512,0.1407147259363471,0.2535212732879502,0.1664075379820363,0.3015645126549745,4528,15.439692430557294,15.931330561428314
ETTh2,patchtst,refit,2,half512,0.135525064874204,0.2459967761734955,0.1599854921813644,0.2673008961640645,4528,15.289153393628553,7.970089250090995
ETTm1,dlinear,legacy,0,half512,0.2511812724562647,0.3297854919917035,0.2635142382218697,0.3388971904247036,4528,4.680189521759759,2.688632036630756
ETTm1,dlinear,legacy,1,half512,0.2492849281825759,0.3283249075793431,0.2623566254997903,0.3376587980789953,4528,4.982415554519637,2.7642965480995874
ETTm1,dlinear,legacy,2,half512,0.2474987999270023,0.3265275233880354,0.261279788061064,0.336583064442178,4528,5.274417985535463,2.98753624779301
ETTm1,dlinear,refit,0,half512,0.2502122148609531,0.3297040130495126,0.2640003862547807,0.3391195211912552,4528,5.222784553247184,2.776457134837873
ETTm1,dlinear,refit,1,half512,0.2548485754772926,0.3343108311947007,0.2714258901522042,0.3471124218506225,4528,6.107492054503616,3.6880243546659752
ETTm1,dlinear,refit,2,half512,0.2404397269904581,0.3195314339507114,0.2553406141308773,0.3337978190333607,4528,5.835690178445951,4.273959944964023
ETTm1,patchtst,legacy,0,half512,0.2890441585017283,0.3521234008004295,0.3149530581001868,0.3625275199409553,4528,8.226273386498395,2.8698839586634217
ETTm1,patchtst,legacy,1,half512,0.2862942714467569,0.3503804898859616,0.3319671501115121,0.3747531882814637,4528,13.758252480528,6.503666721895007
ETTm1,patchtst,legacy,2,half512,0.2794503688552873,0.3418298265039736,0.3215011110080605,0.3614150700545651,4528,13.079501349442912,5.419044520648953
ETTm1,patchtst,refit,0,half512,0.283445082097858,0.3469273620801335,0.3202909894711344,0.3598315111578848,4528,11.503885087156673,3.5861642678896244
ETTm1,patchtst,refit,1,half512,0.2805893247530149,0.3490975120734691,0.3116047794356251,0.3632477510041613,4528,9.953459230883755,3.8954787446241035
ETTm1,patchtst,refit,2,half512,0.2737755825444674,0.3382422762218783,0.2998470838676395,0.3471134999125111,4528,8.69493242584969,2.5557126682969056
ETTm2,dlinear,legacy,0,half512,0.0894526297307214,0.1977047135790002,0.0971136191848692,0.2083302455210748,4528,7.888687002349326,5.100330926744712
ETTm2,dlinear,legacy,1,half512,0.0901468567091349,0.1986112638492798,0.0966370985927592,0.2062022960647236,4528,6.716097625172901,3.681351934636601
ETTm2,dlinear,legacy,2,half512,0.0891247599927087,0.197196773994932,0.0959383208140483,0.2057721404966221,4528,7.102022177921919,4.16740890238777
ETTm2,dlinear,refit,0,half512,0.0901451661348823,0.198383960005177,0.1020296539490166,0.2151515579462906,4528,11.64807225561393,7.793389042202237
ETTm2,dlinear,refit,1,half512,0.0908006603595516,0.1998072802611812,0.1037356796600981,0.2172191392258054,4528,12.46920957468981,8.015803315804549
ETTm2,dlinear,refit,2,half512,0.0904914689590585,0.2000635890400533,0.1031248961800944,0.2162797652883896,4528,12.250608426284614,7.497777809548422
ETTm2,patchtst,legacy,0,half512,0.0942501629003465,0.2025030254866543,0.1215281886361414,0.2340904681503667,4528,22.445842435343145,13.49369024432997
ETTm2,patchtst,legacy,1,half512,0.0957072268356839,0.2048536251470129,0.1086063531218815,0.2189022877298879,4528,11.876953709809024,6.417777871837583
ETTm2,patchtst,legacy,2,half512,0.0960610491356099,0.2080225752180459,0.1181136857595897,0.2356635782040747,4528,18.670687043723333,11.729009292260194
ETTm2,patchtst,refit,0,half512,0.0892759502052936,0.1977954703054086,0.1284445097311806,0.2427223750192446,4528,30.49453776409925,18.509585162996988
ETTm2,patchtst,refit,1,half512,0.0922190129036833,0.2025061549896369,0.1130723924280687,0.2313689894804429,4528,18.44250314032343,12.474806825071827
ETTm2,patchtst,refit,2,half512,0.0940768204613072,0.2070450428352685,0.1116529630209008,0.2344577541349278,4528,15.741760974407315,11.691961906230485
appliances,dlinear,legacy,0,half512,0.1851763314857362,0.2501098720710857,0.2325691323577364,0.2880679854013933,13192,20.37794112724336,13.176789943324252
appliances,dlinear,legacy,1,half512,0.1850145978321591,0.2497665157756826,0.2338600692508773,0.2927677249626008,13192,20.886623173928164,14.687824346898658
appliances,dlinear,legacy,2,half512,0.1849889640711079,0.2505352003675702,0.2466048524107622,0.3041905111067943,13192,24.985675560439734,17.638719414356395
appliances,dlinear,refit,0,half512,0.1836244386275829,0.2490451850037867,0.2214710995625274,0.277695690730193,13192,17.088758311898534,10.317230941204247
appliances,dlinear,refit,1,half512,0.1854889750879198,0.2501572789821913,0.2216167536762602,0.2749426919619232,13192,16.30191670486978,9.014756058024066
appliances,dlinear,refit,2,half512,0.1856081842155703,0.250559634687739,0.2279299018765531,0.2843024989562913,13192,18.567865520296788,11.868648496733725
appliances,patchtst,legacy,0,half512,0.1894946174498719,0.2545234099507906,0.4215198580785,0.373796431242931,13192,55.04491334911626,31.908550034985396
appliances,patchtst,legacy,1,half512,0.1889950587988867,0.2553799658156473,0.4488101578057483,0.3891468014261804,13192,57.88975460740651,34.374389078952284
appliances,patchtst,legacy,2,half512,0.1867475503265066,0.2531677040741298,0.4399032140442657,0.3861921650488502,13192,57.54803684891583,34.44514752335637
appliances,patchtst,refit,0,half512,0.1861536912381105,0.2550958360607114,0.4695688419918778,0.3932843572278388,13192,60.35646435814188,35.13704998113402
appliances,patchtst,refit,1,half512,0.1868935020652479,0.2575057430344691,0.4304963504108326,0.3902387975236796,13192,56.58650720571937,34.01329015246268
appliances,patchtst,refit,2,half512,0.1808302968759833,0.2490054181311465,0.4253650581247619,0.3816055212205237,13192,57.48821079164787,34.74795193352293
bdg2,dlinear,legacy,0,half512,0.1937012391967129,0.2824963529968992,0.2169297286897771,0.3063098620758143,8176,10.707840568169614,7.774320068421781
bdg2,dlinear,legacy,1,half512,0.1934395838044584,0.2845799492562618,0.2259040573703683,0.3231701026239107,8176,14.37091212252316,11.94112730550395
bdg2,dlinear,legacy,2,half512,0.1934676400864754,0.2821317210516338,0.2192738890418394,0.3102973736013714,8176,11.768956654223395,9.076987092362899
bdg2,dlinear,refit,0,half512,0.1933343071885709,0.2794849536303415,0.2141913409078949,0.2960556635998039,8176,9.737570917160843,5.59716026640924
bdg2,dlinear,refit,1,half512,0.1942696604872101,0.2834914019840883,0.2189961129917391,0.3092129231080202,8176,11.29081798153273,8.31838490623057
bdg2,dlinear,refit,2,half512,0.193093659335996,0.2825737983088452,0.2202234593301701,0.3118603725438192,8176,12.319214345597818,9.390925174649745
bdg2,patchtst,legacy,0,half512,0.1878421924884357,0.2876627796184928,0.2203223735026798,0.3221009568288342,8176,14.7421165167545,10.691733905230837
bdg2,patchtst,legacy,1,half512,0.1918473829670043,0.2913801262707572,0.2225063797094431,0.3198445830291455,8176,13.778929297431574,8.899465011666141
bdg2,patchtst,legacy,2,half512,0.1894725307998913,0.2891553959897415,0.2180406520239773,0.3190164642622972,8176,13.102199502203128,9.360353341513983
bdg2,patchtst,refit,0,half512,0.1826050922491878,0.2811168409062662,0.2006033697453123,0.3000128517088695,8176,8.972071365987144,6.298400450171327
bdg2,patchtst,refit,1,half512,0.1887825746976673,0.2890075092975734,0.2115402672566758,0.3192441934097231,8176,10.758090104611185,9.471334087302708
bdg2,patchtst,refit,2,half512,0.1866934160494471,0.2851828497519359,0.2042283493221909,0.303569363188778,8176,8.585944767678,6.05677504597465
bdg2_fox,dlinear,legacy,0,half512,0.2098184222528661,0.3001833439280156,0.2372526588699501,0.317105910938004,8176,11.563299963741214,5.336566246883001
bdg2_fox,dlinear,legacy,1,half512,0.210788703565553,0.3015687541995048,0.2381683133851614,0.3188474879185777,8176,11.495907843681374,5.41912179765559
bdg2_fox,dlinear,legacy,2,half512,0.2105838616413684,0.3021911954814055,0.239393946439265,0.3222495356018405,8176,12.034592029755364,6.224474484648546
bdg2_fox,dlinear,refit,0,half512,0.2102919637634579,0.299469422602485,0.2351892860078211,0.310563203817023,8176,10.586078416656807,3.572149268872893
bdg2_fox,dlinear,refit,1,half512,0.209532813776719,0.3008367637512865,0.2385137057040892,0.318529744993543,8176,12.150619119274086,5.554577404573358
bdg2_fox,dlinear,refit,2,half512,0.209764580976149,0.3001409092896923,0.236396773189513,0.3155418242591663,8176,11.265886523761337,4.8807840309703865
bdg2_fox,patchtst,legacy,0,half512,0.1781196717309667,0.2862713360990802,0.1902763574626705,0.2979829077263206,8176,6.388962819034805,3.930283020795533
bdg2_fox,patchtst,legacy,1,half512,0.1707242147699011,0.2797975100077635,0.1845938965389207,0.2940718444077864,8176,7.513618829805269,4.854029609250466
bdg2_fox,patchtst,legacy,2,half512,0.1744986328319137,0.2816529542335048,0.183518639989056,0.2927541421756144,8176,4.915035964564796,3.79198321827684
bdg2_fox,patchtst,refit,0,half512,0.1719550409456272,0.2816011455758681,0.1789148059266641,0.2891902672104117,8176,3.8899882796115004,2.624265922829916
bdg2_fox,patchtst,refit,1,half512,0.1662048782756837,0.2732881765103813,0.1774665404722834,0.2872662049268532,8176,6.345794630711554,4.865879862210432
bdg2_fox,patchtst,refit,2,half512,0.1716914925952613,0.2763831479393861,0.1754773751672313,0.2859294277113034,8176,2.1574761808250242,3.3386839012443215
bdg2_panther,dlinear,legacy,0,half512,0.0669798312911536,0.1643938913427433,0.0778961183824501,0.1785384359146621,8176,14.01390379646429,7.922408695615335
bdg2_panther,dlinear,legacy,1,half512,0.0664870647891081,0.1636315473387438,0.0783383119311524,0.1793496516915571,8176,15.128290168493507,8.76394473285349
bdg2_panther,dlinear,legacy,2,half512,0.066718469212582,0.1641129998761137,0.0805036916586101,0.1821439269362954,8176,17.123714654585953,9.89927436147131
bdg2_panther,dlinear,refit,0,half512,0.0665682694564481,0.1636714808423585,0.0773265981251636,0.1778118267130678,8176,13.912843613398952,7.952421462677717
bdg2_panther,dlinear,refit,1,half512,0.0666495880483256,0.1635964906865397,0.0766093468180306,0.1766298462537482,8176,13.000709682804512,7.378908969033837
bdg2_panther,dlinear,refit,2,half512,0.0664326883519595,0.1633303544930079,0.0766935526463754,0.1770248197118518,8176,13.379044183449784,7.735901237541021
bdg2_panther,patchtst,legacy,0,half512,0.0680885089520162,0.1657934139694062,0.0735923416645026,0.172912155947056,8176,7.478811773075011,4.1169702261011025
bdg2_panther,patchtst,legacy,1,half512,0.0679050281327517,0.1662295605444762,0.0747446557941097,0.1751959008725725,8176,9.150657781070414,5.117893902448034
bdg2_panther,patchtst,legacy,2,half512,0.0673585352113662,0.1648665011487831,0.0729775293055062,0.1719463960494782,8176,7.699622264022099,4.117501188369099
bdg2_panther,patchtst,refit,0,half512,0.0671310178190664,0.1651632674423681,0.0810435353678489,0.1890732648971034,8176,17.16672093046646,12.645890188518994
bdg2_panther,patchtst,refit,1,half512,0.0667944957094341,0.1631709655171834,0.072169150618005,0.1696844123948981,8176,7.447302431227454,3.838565243433356
bdg2_panther,patchtst,refit,2,half512,0.0677650702311893,0.1662501087751295,0.076768485190991,0.1830177645667254,8176,11.728009139951446,9.161764067707578
ETTh1,dlinear,legacy,0,halfNone,0.3590138510148732,0.387649994340706,0.3955730955366408,0.4036559040895817,4528,9.242095818516349,3.96523612976154
ETTh1,dlinear,legacy,1,halfNone,0.3591086229514498,0.3883259241724621,0.3987785825318127,0.4061631936103852,4528,9.947866138773442,4.391650872982266
ETTh1,dlinear,legacy,2,halfNone,0.3605654057092339,0.3886638824946451,0.394104759071673,0.4017776976604459,4528,8.510263474473689,3.2639480095989937
ETTh1,dlinear,refit,0,halfNone,0.3602492601308125,0.3891064366687273,0.3998238508098546,0.4078866380694986,4528,9.898006484326205,4.604269825963603
ETTh1,dlinear,refit,1,halfNone,0.3625596238157657,0.3899801459179764,0.3996132241273529,0.4060846825409959,4528,9.272365896424539,3.9658074572644475
ETTh1,dlinear,refit,2,halfNone,0.3576113340620431,0.3861357752255965,0.3893195080572351,0.3986060351106982,4528,8.144511985392333,3.1284674055771733
ETTh1,patchtst,legacy,0,halfNone,0.3790461616547413,0.409652645775489,0.4293842736337855,0.4367887081843084,4528,11.723324553329284,6.212629104269118
ETTh1,patchtst,legacy,1,halfNone,0.3874468235256715,0.4159888973582624,0.4555890611533522,0.4470102138935314,4528,14.956952095200515,6.9397332703135195
ETTh1,patchtst,legacy,2,halfNone,0.3933480380497089,0.4169204502690199,0.4620188900151997,0.4532386548664535,4528,14.863213052442859,8.013042181526798
ETTh1,patchtst,refit,0,halfNone,0.3709209967959119,0.4045992962894534,0.4210708479325173,0.4299823023893913,4528,11.910074369395119,5.903267636571485
ETTh1,patchtst,refit,1,halfNone,0.3796307499965927,0.4100528324960322,0.4327461583775899,0.4335945723455897,4528,12.274033484232971,5.4294360102814965
ETTh1,patchtst,refit,2,halfNone,0.3752916793601064,0.4101436478894275,0.4260292238720581,0.439314704035011,4528,11.909404723650796,6.6401274252042235
ETTh2,dlinear,legacy,0,halfNone,0.1333737259226875,0.2423581483080853,0.1415501291321895,0.2531849842068671,4528,5.776330448887334,4.276255139181407
ETTh2,dlinear,legacy,1,halfNone,0.1325148263600775,0.2408399406548338,0.1369262160584143,0.2464291188304605,4528,3.22172760288274,2.2680672650020606
ETTh2,dlinear,legacy,2,halfNone,0.1344890760936107,0.2431816808831693,0.1444659210958572,0.2566657938040531,4528,6.906019721859947,5.253568354799154
ETTh2,dlinear,refit,0,halfNone,0.1364651944865176,0.2450813217109313,0.1574857800899883,0.2735780288993589,4528,13.347608648513798,10.416299621381754
ETTh2,dlinear,refit,1,halfNone,0.1327324804587012,0.2413090457567973,0.1410646462955558,0.2533221605139912,4528,5.906629375724092,4.742228130700954
ETTh2,dlinear,refit,2,halfNone,0.1342249119647723,0.24321406151536,0.1505263982113731,0.2632415475578891,4528,10.829652765430442,7.608026251298671
ETTh2,patchtst,legacy,0,halfNone,0.1451524312356822,0.2583037024922784,0.1845296180249207,0.291208328769855,4528,21.339223053028068,11.299342438650317
ETTh2,patchtst,legacy,1,halfNone,0.1485077726906075,0.2642377376929614,0.1848113271942272,0.3006248746049981,4528,19.64357653547205,12.103834374932243
ETTh2,patchtst,legacy,2,halfNone,0.1461004691490683,0.2622411527251264,0.233567280715134,0.3575223553124811,4528,37.44822960573102,26.650418126742647
ETTh2,patchtst,refit,0,halfNone,0.1404166416625482,0.2521478962811926,0.153924329869011,0.2659269570677061,4528,8.775538095866843,5.181520872667777
ETTh2,patchtst,refit,1,halfNone,0.1407631076850509,0.2535380291598738,0.1664075379820363,0.3015645126549745,4528,15.410618177497293,15.92577424720021
ETTh2,patchtst,refit,2,halfNone,0.1355177953610469,0.2460128683651006,0.1599854921813644,0.2673008961640645,4528,15.293697251360872,7.964068996572937
ETTm1,dlinear,legacy,0,halfNone,0.2529227321688488,0.3309967482564377,0.2635142382218697,0.3388971904247036,4528,4.019329704721009,2.331220910496523
ETTm1,dlinear,legacy,1,halfNone,0.2509942506430448,0.3295226404219161,0.2623566254997903,0.3376587980789953,4528,4.330889237159575,2.4095796417470394
ETTm1,dlinear,legacy,2,halfNone,0.249122507760766,0.3276580789569434,0.261279788061064,0.336583064442178,4528,4.65297388309911,2.651644253113594
ETTm1,dlinear,refit,0,halfNone,0.2519514901080973,0.3309198982946837,0.2640003862547807,0.3391195211912552,4528,4.563969135656965,2.4179153319655478
ETTm1,dlinear,refit,1,halfNone,0.256378004838357,0.3352765600017365,0.2714258901522042,0.3471124218506225,4528,5.544012513105878,3.409806478772315
ETTm1,dlinear,refit,2,halfNone,0.242409807900663,0.3209773691992474,0.2553406141308773,0.3337978190333607,4528,5.064140021056918,3.840782983915181
ETTm1,patchtst,legacy,0,halfNone,0.29550646461383,0.3549422395954107,0.3149530581001868,0.3625275199409553,4528,6.174441868785041,2.0923322860509908
ETTm1,patchtst,legacy,1,halfNone,0.2959430064045662,0.3538481903831719,0.3319671501115121,0.3747531882814637,4528,10.851719423094996,5.578337570430703
ETTm1,patchtst,legacy,2,halfNone,0.2856639728233642,0.3440189067924589,0.3215011110080605,0.3614150700545651,4528,11.146816280767947,4.8133475063670605
ETTm1,patchtst,refit,0,halfNone,0.2909981552399249,0.349478803792028,0.3202909894711344,0.3598315111578848,4528,9.145694132569238,2.877098598881267
ETTm1,patchtst,refit,1,halfNone,0.2897843893400994,0.3520452318551482,0.3116047794356251,0.3632477510041613,4528,7.002585176981723,3.08398857750527
ETTm1,patchtst,refit,2,halfNone,0.2805696307013073,0.340352894089439,0.2998470838676395,0.3471134999125111,4528,6.429094763129917,1.9476643301905905
ETTm2,dlinear,legacy,0,halfNone,0.089668124697275,0.1979373655676595,0.0971136191848692,0.2083302455210748,4528,7.666787161356503,4.9886563170031595
ETTm2,dlinear,legacy,1,halfNone,0.0903144492289614,0.1987297114686637,0.0966370985927592,0.2062022960647236,4528,6.542673006401223,3.6239094998798516
ETTm2,dlinear,legacy,2,halfNone,0.0893118121534761,0.1973741752212124,0.0959383208140483,0.2057721404966221,4528,6.907050909736034,4.0811964414335105
ETTm2,dlinear,refit,0,halfNone,0.0905129059615609,0.1988318214637645,0.1020296539490166,0.2151515579462906,4528,11.287647798169075,7.585228123981369
ETTm2,dlinear,refit,1,halfNone,0.0911538442476646,0.2002382558091661,0.1037356796600981,0.2172191392258054,4528,12.128744375762835,7.8173974342966135
ETTm2,dlinear,refit,2,halfNone,0.0907750298445617,0.2004617716984209,0.1031248961800944,0.2162797652883896,4528,11.975640018066292,7.313672441283092
ETTm2,patchtst,legacy,0,halfNone,0.094638349604759,0.2027409212664914,0.1215281886361414,0.2340904681503667,4528,22.126421312746857,13.392064671227056
ETTm2,patchtst,legacy,1,halfNone,0.0961757768286007,0.2052320209923153,0.1086063531218815,0.2189022877298879,4528,11.445533282321707,6.244917254789439
ETTm2,patchtst,legacy,2,halfNone,0.0965342084384532,0.2085332645363941,0.1181136857595897,0.2356635782040747,4528,18.270090533843543,11.512306600125921
ETTm2,patchtst,refit,0,halfNone,0.0896039138511093,0.1980555612733432,0.1284445097311806,0.2427223750192446,4528,30.239202875514216,18.40242941853215
ETTm2,patchtst,refit,1,halfNone,0.0926068258255216,0.2028712133848462,0.1130723924280687,0.2313689894804429,4528,18.099525589826293,12.317024921788644
ETTm2,patchtst,refit,2,halfNone,0.0943517553213615,0.2071887840126532,0.1116529630209008,0.2344577541349278,4528,15.495520433524558,11.630653984078354
appliances,dlinear,legacy,0,halfNone,0.1855898833122821,0.2505407654898516,0.2325691323577364,0.2880679854013933,13192,20.200122247173844,13.027209482945956
appliances,dlinear,legacy,1,halfNone,0.185422387738486,0.2502011848338668,0.2338600692508773,0.2927677249626008,13192,20.712249708790164,14.539355434131828
appliances,dlinear,legacy,2,halfNone,0.1854844532806839,0.2510303481350208,0.2466048524107622,0.3041905111067943,13192,24.784751205248757,17.475943867660682
appliances,dlinear,refit,0,halfNone,0.1839651662310148,0.2494018416957445,0.2214710995625274,0.277695690730193,13192,16.934910878032472,10.18879657802778
appliances,dlinear,refit,1,halfNone,0.1858618168885121,0.2505627696249691,0.2216167536762602,0.2749426919619232,13192,16.133679514130606,8.867274181024786
appliances,dlinear,refit,2,halfNone,0.1860102855743192,0.2509609999958462,0.2279299018765531,0.2843024989562913,13192,18.39145103696731,11.727473055230163
appliances,patchtst,legacy,0,halfNone,0.191572208626834,0.2563936788338623,0.4215198580785,0.373796431242931,13192,54.552032376335326,31.408205803005217
appliances,patchtst,legacy,1,halfNone,0.1908652140444084,0.2570838733669613,0.4488101578057483,0.3891468014261804,13192,57.473062780584904,33.93653181144569
appliances,patchtst,legacy,2,halfNone,0.188652411817331,0.254925991919097,0.4399032140442657,0.3861921650488502,13192,57.1150185326112,33.989859196949034
appliances,patchtst,refit,0,halfNone,0.1883335005113556,0.2570998577490503,0.4695688419918778,0.3932843572278388,13192,59.892249299919854,34.62748949353549
appliances,patchtst,refit,1,halfNone,0.1890612210789675,0.2596453626737731,0.4304963504108326,0.3902387975236796,13192,56.082967742109304,33.46500544758935
appliances,patchtst,refit,2,halfNone,0.182624352862843,0.2507374723425237,0.4253650581247619,0.3816055212205237,13192,57.066442253637504,34.29406588757752
bdg2,dlinear,legacy,0,halfNone,0.1939976846340333,0.2829246758701206,0.2169297286897771,0.3063098620758143,8176,10.571185514428983,7.634486871306045
bdg2,dlinear,legacy,1,halfNone,0.1938475922533687,0.2851506832063852,0.2259040573703683,0.3231701026239107,8176,14.190300736583595,11.764522494140062
bdg2,dlinear,legacy,2,halfNone,0.1937846997727261,0.282593985756219,0.2192738890418394,0.3102973736013714,8176,11.624361377678538,8.928012352673653
bdg2,dlinear,refit,0,halfNone,0.1935950848315936,0.2798114860963012,0.2141913409078949,0.2960556635998039,8176,9.615821064007424,5.486865985263146
bdg2,dlinear,refit,1,halfNone,0.194577646575107,0.2839681395902054,0.2189961129917391,0.3092129231080202,8176,11.150182568561473,8.164207130824153
bdg2,dlinear,refit,2,halfNone,0.193436869575089,0.2830726166375228,0.2202234593301701,0.3118603725438192,8176,12.16336798838552,9.230975924089702
bdg2,patchtst,legacy,0,halfNone,0.1882005361675139,0.2881772406120415,0.2203223735026798,0.3221009568288342,8176,14.579471355765516,10.532013487566239
bdg2,patchtst,legacy,1,halfNone,0.1922306834603696,0.2919115420307865,0.2225063797094431,0.3198445830291455,8176,13.606664352100195,8.733316892164966
bdg2,patchtst,legacy,2,halfNone,0.1898385753440065,0.2896542055605543,0.2180406520239773,0.3190164642622972,8176,12.93432046647407,9.203994774890688
bdg2,patchtst,refit,0,halfNone,0.1828952170886036,0.2815205801040721,0.2006033697453123,0.3000128517088695,8176,8.827445261358823,6.163826482587542
bdg2,patchtst,refit,1,halfNone,0.1891452130958206,0.2895612416140605,0.2115402672566758,0.3192441934097231,8176,10.58666250699295,9.2978830651955
bdg2,patchtst,refit,2,halfNone,0.1870284675258263,0.2856018991870966,0.2042283493221909,0.303569363188778,8176,8.421887486947288,5.918734292863437
bdg2_fox,dlinear,legacy,0,halfNone,0.21028031052221,0.3007528127592497,0.2372526588699501,0.317105910938004,8176,11.368617943508475,5.156983081892608
bdg2_fox,dlinear,legacy,1,halfNone,0.2112516162389142,0.3021360949708259,0.2381683133851614,0.3188474879185777,8176,11.301544174231948,5.241186956448374
bdg2_fox,dlinear,legacy,2,halfNone,0.2110544516252533,0.3028017579849936,0.239393946439265,0.3222495356018405,8176,11.838016472651924,6.035005630194568
bdg2_fox,dlinear,refit,0,halfNone,0.2107212094429431,0.2999526368344294,0.2351892860078211,0.310563203817023,8176,10.40356768805546,3.4165563892254003
bdg2_fox,dlinear,refit,1,halfNone,0.2100099959889423,0.3014281821119464,0.2385137057040892,0.318529744993543,8176,11.950554217001642,5.368906091311276
bdg2_fox,dlinear,refit,2,halfNone,0.2102303139724314,0.3006956175500699,0.236396773189513,0.3155418242591663,8176,11.068873260848044,4.704988552294953
bdg2_fox,patchtst,legacy,0,halfNone,0.1785559497499704,0.2867229365376662,0.1902763574626705,0.2979829077263206,8176,6.159676309233242,3.7787305569204066
bdg2_fox,patchtst,legacy,1,halfNone,0.1710993386267225,0.2802446366315922,0.1845938965389207,0.2940718444077864,8176,7.3104030876518955,4.701982879061395
bdg2_fox,patchtst,legacy,2,halfNone,0.1748126787830078,0.282051017748657,0.183518639989056,0.2927541421756144,8176,4.743911139798862,3.656011268505621
bdg2_fox,patchtst,refit,0,halfNone,0.1722508933122984,0.2819532565892809,0.1789148059266641,0.2891902672104117,8176,3.7246289259577403,2.502508362726197
bdg2_fox,patchtst,refit,1,halfNone,0.1664961327578623,0.273710595218777,0.1774665404722834,0.2872662049268532,8176,6.1816766615419905,4.718832036482623
bdg2_fox,patchtst,refit,2,halfNone,0.1719853200233057,0.2768042329897978,0.1754773751672313,0.2859294277113034,8176,1.9900315585400397,3.191415026619482
bdg2_panther,dlinear,legacy,0,halfNone,0.0670291313223338,0.1646250609434734,0.0778961183824501,0.1785384359146621,8176,13.950614338396372,7.792929796830428
bdg2_panther,dlinear,legacy,1,halfNone,0.0665360432789991,0.1638566656080227,0.0783383119311524,0.1793496516915571,8176,15.065768410386116,8.638425520992365
bdg2_panther,dlinear,legacy,2,halfNone,0.0667755415191652,0.1643661023400268,0.0805036916586101,0.1821439269362954,8176,17.05282063046438,9.760316962138615
bdg2_panther,dlinear,refit,0,halfNone,0.066617033349274,0.163876987017337,0.0773265981251636,0.1778118267130678,8176,13.849781363140679,7.836846374801176
bdg2_panther,dlinear,refit,1,halfNone,0.0667050138413134,0.1638261456371561,0.0766093468180306,0.1766298462537482,8176,12.928361078763484,7.248888502228645
bdg2_panther,dlinear,refit,2,halfNone,0.0664890857532132,0.1635706085587117,0.0766935526463754,0.1770248197118518,8176,13.30550814383804,7.60018350818823
bdg2_panther,patchtst,legacy,0,halfNone,0.068167056297604,0.1659648822024434,0.0735923416645026,0.172912155947056,8176,7.372078730191422,4.017805287639686
bdg2_panther,patchtst,legacy,1,halfNone,0.0680132416469524,0.1664711392915799,0.0747446557941097,0.1751959008725725,8176,9.00588018720635,4.980003263511579
bdg2_panther,patchtst,legacy,2,halfNone,0.0674240190426533,0.1650535405397489,0.0729775293055062,0.1719463960494782,8176,7.6098907645999025,4.0087234557366624
bdg2_panther,patchtst,refit,0,halfNone,0.0672637573051545,0.1654302503242858,0.0810435353678489,0.1890732648971034,8176,17.00293305338827,12.504684142247458
bdg2_panther,patchtst,refit,1,halfNone,0.0669238299312116,0.1634070443702548,0.072169150618005,0.1696844123948981,8176,7.268092587866448,3.699437052611698
bdg2_panther,patchtst,refit,2,halfNone,0.0678638788704317,0.1665060365237169,0.076768485190991,0.1830177645667254,8176,11.599299241616768,9.02192641359062
ETTh1,dlinear,legacy,0,k1,0.3860573871436832,0.3995667195864829,0.3955730955366408,0.4036559040895817,1576,2.405549947740604,1.0130372085902395
ETTh1,dlinear,legacy,1,k1,0.3903673930912216,0.4026469024683304,0.3987785825318127,0.4061631936103852,1576,2.109238010524328,0.8657335763978313
ETTh1,dlinear,legacy,2,k1,0.3863699917737737,0.3984448596750701,0.394104759071673,0.4017776976604459,1576,1.9626170757538808,0.8295228940737531
ETTh1,dlinear,refit,0,k1,0.3884850490117505,0.4013877972271501,0.3998238508098546,0.4078866380694986,1576,2.8359493249682344,1.5932958414884735
ETTh1,dlinear,refit,1,k1,0.3889259367611734,0.4008182602124363,0.3996132241273529,0.4060846825409959,1576,2.674407832603054,1.2968778570041084
ETTh1,dlinear,refit,2,k1,0.3825026897899004,0.3957361479751385,0.3893195080572351,0.3986060351106982,1576,1.7509572796266193,0.7199808539684271
ETTh1,patchtst,legacy,0,k1,0.3967913272981618,0.4208898247560201,0.4293842736337855,0.4367887081843084,1576,7.590624141819802,3.6399483618472117
ETTh1,patchtst,legacy,1,k1,0.4202734883866299,0.4343251852747958,0.4555890611533522,0.4470102138935314,1576,7.751628776450136,2.8377491664557164
ETTh1,patchtst,legacy,2,k1,0.4106782304625606,0.4231770661183795,0.4620188900151997,0.4532386548664535,1576,11.112242521285243,6.6326180314279615
ETTh1,patchtst,refit,0,k1,0.3915896161396424,0.4173466417710026,0.4210708479325173,0.4299823023893913,1576,7.001489639482172,2.9386466717753024
ETTh1,patchtst,refit,1,k1,0.3969992350203718,0.4202615018799965,0.4327461583775899,0.4335945723455897,1576,8.260483118148754,3.075008617720032
ETTh1,patchtst,refit,2,k1,0.3884733944696811,0.4198458886005255,0.4260292238720581,0.439314704035011,1576,8.81531765850304,4.431633008335167
ETTh2,dlinear,legacy,0,k1,0.137172608546915,0.24794666233338,0.1415501291321895,0.2531849842068671,1576,3.092558524751665,2.0689701997520737
ETTh2,dlinear,legacy,1,k1,0.1357897975749734,0.2457483224063804,0.1369262160584143,0.2464291188304605,1576,0.8299495276756108,0.2762646018908521
ETTh2,dlinear,legacy,2,k1,0.1390017133236141,0.2507301921245934,0.1444659210958572,0.2566657938040531,1576,3.7823506961323083,2.3125799474436826
ETTh2,dlinear,refit,0,k1,0.1399352989943283,0.2516462640953758,0.1574857800899883,0.2735780288993589,1576,11.144168753287786,8.016639673959746
ETTh2,dlinear,refit,1,k1,0.1390505710186813,0.2513610244559736,0.1410646462955558,0.2533221605139912,1576,1.4277675730704709,0.7741667977402611
ETTh2,dlinear,refit,2,k1,0.1391645373168078,0.2517366478189028,0.1505263982113731,0.2632415475578891,1576,7.548085272465411,4.370472611834286
ETTh2,patchtst,legacy,0,k1,0.1529972959385907,0.2680589735204886,0.1845296180249207,0.291208328769855,1576,17.087946327440818,7.94941386022705
ETTh2,patchtst,legacy,1,k1,0.1544809326482374,0.2738844817518046,0.1848113271942272,0.3006248746049981,1576,16.411545226399515,8.894936883825299
ETTh2,patchtst,legacy,2,k1,0.1477464534297418,0.2655941003347776,0.233567280715134,0.3575223553124811,1576,36.74351434097569,25.71258932811531
ETTh2,patchtst,refit,0,k1,0.1470715553722906,0.2618184861395835,0.153924329869011,0.2659269570677061,1576,4.452041144211627,1.5449621856412965
ETTh2,patchtst,refit,1,k1,0.1463395655885363,0.2628429265639245,0.1664075379820363,0.3015645126549745,1576,12.059533262048705,12.840233006909575
ETTh2,patchtst,refit,2,k1,0.1393031886488501,0.2518605153258277,0.1599854921813644,0.2673008961640645,1576,12.927611904377056,5.77640444151738
ETTm1,dlinear,legacy,0,k1,0.2546683872632717,0.3325765193570804,0.2635142382218697,0.3388971904247036,1576,3.3568777984399167,1.8650703653524614
ETTm1,dlinear,legacy,1,k1,0.2532978344606694,0.331925583333571,0.2623566254997903,0.3376587980789953,1576,3.4528539242581924,1.6979313964397336
ETTm1,dlinear,legacy,2,k1,0.2510268173085598,0.328746867816127,0.261279788061064,0.336583064442178,1576,3.924134671338586,2.3281612932718465
ETTm1,dlinear,refit,0,k1,0.253337666564402,0.3321367150997416,0.2640003862547807,0.3391195211912552,1576,4.038903064364585,2.0590988295172474
ETTm1,dlinear,refit,1,k1,0.2589697285363698,0.3382101693336235,0.2714258901522042,0.3471124218506225,1576,4.589157507726882,2.5646597346003386
ETTm1,dlinear,refit,2,k1,0.2430829328097786,0.32225418339985,0.2553406141308773,0.3337978190333607,1576,4.800521594584984,3.45827173674762
ETTm1,patchtst,legacy,0,k1,0.2845325923409186,0.3523969101157224,0.3149530581001868,0.3625275199409553,1576,9.658730079576316,2.7944388406383247
ETTm1,patchtst,legacy,1,k1,0.2794311793335156,0.3518194667972657,0.3319671501115121,0.3747531882814637,1576,15.82565346009357,6.119686823577675
ETTm1,patchtst,legacy,2,k1,0.2759734280518804,0.3419936750791457,0.3215011110080605,0.3614150700545651,1576,14.160972201131417,5.373709229249135
ETTm1,patchtst,refit,0,k1,0.2796671680378227,0.3469636227869319,0.3202909894711344,0.3598315111578848,1576,12.683410638678872,3.5760871329878707
ETTm1,patchtst,refit,1,k1,0.274559201129628,0.3506354684104484,0.3116047794356251,0.3632477510041613,1576,11.88864252117493,3.4720882810278964
ETTm1,patchtst,refit,2,k1,0.2697023658542001,0.338727658365514,0.2998470838676395,0.3471134999125111,1576,10.05336374281568,2.415878826121931
ETTm2,dlinear,legacy,0,k1,0.0903161216894934,0.1996999111497716,0.0971136191848692,0.2083302455210748,1576,6.999530603875259,4.142621898091193
ETTm2,dlinear,legacy,1,k1,0.091034949149862,0.2004563537987156,0.0966370985927592,0.2062022960647236,1576,5.797100207349304,2.7865559092535186
ETTm2,dlinear,legacy,2,k1,0.0900105416690592,0.1991197891059776,0.0959383208140483,0.2057721404966221,1576,6.178739730580207,3.232872717652313
ETTm2,dlinear,refit,0,k1,0.0925046221115538,0.203902345041772,0.1020296539490166,0.2151515579462906,1576,9.335552428926574,5.228506366347951
ETTm2,dlinear,refit,1,k1,0.0941129816223811,0.2069526384055741,0.1037356796600981,0.2172191392258054,1576,9.276170040285924,4.726333442265873
ETTm2,dlinear,refit,2,k1,0.0934615549037306,0.2057651080552466,0.1031248961800944,0.2162797652883896,1576,9.370522186502871,4.861600075773465
ETTm2,patchtst,legacy,0,k1,0.0944609474366507,0.2040197080602603,0.1215281886361414,0.2340904681503667,1576,22.272397460420258,12.84578578859119
ETTm2,patchtst,legacy,1,k1,0.0960300908819723,0.2064070952082047,0.1086063531218815,0.2189022877298879,1576,11.579674557155705,5.708114177911893
ETTm2,patchtst,legacy,2,k1,0.0975868998839616,0.2116956376691595,0.1181136857595897,0.2356635782040747,1576,17.378837806660798,10.170405082350042
ETTm2,patchtst,refit,0,k1,0.091385792203296,0.2032726938292531,0.1284445097311806,0.2427223750192446,1576,28.851928046939634,16.253005594092297
ETTm2,patchtst,refit,1,k1,0.0935944972196955,0.2061017970989842,0.1130723924280687,0.2313689894804429,1576,17.226039699092876,10.920734208243788
ETTm2,patchtst,refit,2,k1,0.0957235006731763,0.2097480344796453,0.1116529630209008,0.2344577541349278,1576,14.266940989951692,10.539092531383009
appliances,dlinear,legacy,0,k1,0.1894151351538699,0.2561669429374274,0.2325691323577364,0.2880679854013933,3856,18.555341702650075,11.074136690168823
appliances,dlinear,legacy,1,k1,0.188813791974387,0.2553496889865003,0.2338600692508773,0.2927677249626008,3856,19.26206445623094,12.780792685013488
appliances,dlinear,legacy,2,k1,0.1933355692001942,0.2651727790100683,0.2466048524107622,0.3041905111067943,3856,21.601068547442438,12.826742015968984
appliances,dlinear,refit,0,k1,0.1872936661811627,0.2538423113569661,0.2214710995625274,0.277695690730193,3856,15.43200600388741,8.589754961809138
appliances,dlinear,refit,1,k1,0.1880109548486065,0.2527675949150599,0.2216167536762602,0.2749426919619232,3856,15.16392523136827,8.065352415307824
appliances,dlinear,refit,2,k1,0.1894256433481346,0.2560581750947533,0.2279299018765531,0.2843024989562913,3856,16.893026413564815,9.934602743636189
appliances,patchtst,legacy,0,k1,0.192217927066063,0.2610966578088304,0.4215198580785,0.373796431242931,3856,54.39884423422203,30.150039972119693
appliances,patchtst,legacy,1,k1,0.1924362528022259,0.2621747863956761,0.4488101578057483,0.3891468014261804,3856,57.12301750409241,32.62830750893128
appliances,patchtst,legacy,2,k1,0.1861195448887396,0.2536424652527264,0.4399032140442657,0.3861921650488502,3856,57.690796760122986,34.32221360041247
appliances,patchtst,refit,0,k1,0.1873576692605597,0.2586679609405147,0.4695688419918778,0.3932843572278388,3856,60.10006361031075,34.228769543797966
appliances,patchtst,refit,1,k1,0.1874914819996681,0.2598539724600436,0.4304963504108326,0.3902387975236796,3856,56.44760244291487,33.4115484905686
appliances,patchtst,refit,2,k1,0.1823321001536929,0.2523329111720486,0.4253650581247619,0.3816055212205237,3856,57.13514858095987,33.875980000239714
bdg2,dlinear,legacy,0,k1,0.209687689628627,0.2958328437783982,0.2169297286897771,0.3063098620758143,2536,3.338426275131101,3.4203986206695958
bdg2,dlinear,legacy,1,k1,0.211394661538764,0.3003931729038482,0.2259040573703683,0.3231701026239107,2536,6.422813295387719,7.047969331052006
bdg2,dlinear,legacy,2,k1,0.2100422375355502,0.295782116385651,0.2192738890418394,0.3102973736013714,2536,4.210100685781015,4.677853714085134
bdg2,dlinear,refit,0,k1,0.2088055342714653,0.2903571492051698,0.2141913409078949,0.2960556635998039,2536,2.5144838318863494,1.9248118159080785
bdg2,dlinear,refit,1,k1,0.2107244905845159,0.2959088074154438,0.2189961129917391,0.3092129231080202,2536,3.7770635716877887,4.302574277572724
bdg2,dlinear,refit,2,k1,0.2096948664777144,0.2948449453448414,0.2202234593301701,0.3118603725438192,2536,4.780867980404713,5.456104300839626
bdg2,patchtst,legacy,0,k1,0.1983401849643412,0.2972935232142531,0.2203223735026798,0.3221009568288342,2536,9.977283826815365,7.701757194022829
bdg2,patchtst,legacy,1,k1,0.2002583142422554,0.2976641914178355,0.2225063797094431,0.3198445830291455,2536,9.998843851686424,6.93474042963198
bdg2,patchtst,legacy,2,k1,0.1982636762165571,0.2958413478404705,0.2180406520239773,0.3190164642622972,2536,9.070315844242371,7.26455183917153
bdg2,patchtst,refit,0,k1,0.1897832066724618,0.2870857379882162,0.2006033697453123,0.3000128517088695,2536,5.393809229918656,4.308853319789674
bdg2,patchtst,refit,1,k1,0.1976281347563805,0.2964105946446996,0.2115402672566758,0.3192441934097231,2536,6.576588316121768,7.15239281916038
bdg2,patchtst,refit,2,k1,0.1956196169009337,0.2931269934714432,0.2042283493221909,0.303569363188778,2536,4.215248495044155,3.439862839795549
bdg2_fox,dlinear,legacy,0,k1,0.2316173326713022,0.3136067453619979,0.2372526588699501,0.317105910938004,2536,2.3752425896886975,1.1034690478192388
bdg2_fox,dlinear,legacy,1,k1,0.233715742510163,0.3164995253484214,0.2381683133851614,0.3188474879185777,2536,1.8695059857932406,0.7363904873404215
bdg2_fox,dlinear,legacy,2,k1,0.2336355106095939,0.3183463631038961,0.239393946439265,0.3222495356018405,2536,2.405422490970155,1.2112267254799192
bdg2_fox,dlinear,refit,0,k1,0.2307209671595424,0.3100922747147049,0.2351892860078211,0.310563203817023,2536,1.899881973420381,0.1516371213750034
bdg2_fox,dlinear,refit,1,k1,0.2335872992097415,0.3165229364655033,0.2385137057040892,0.318529744993543,2536,2.0654605486108313,0.6300223321625387
bdg2_fox,dlinear,refit,2,k1,0.2304548503249611,0.3113000273350719,0.236396773189513,0.3155418242591663,2536,2.5135380590785017,1.3442899159416877
bdg2_fox,patchtst,legacy,0,k1,0.1855946138658916,0.2929580116969308,0.1902763574626705,0.2979829077263206,2536,2.4604967528335075,1.6863034419426604
bdg2_fox,patchtst,legacy,1,k1,0.1783910598354331,0.2878920267075747,0.1845938965389207,0.2940718444077864,2536,3.3602609944255457,2.101465277186554
bdg2_fox,patchtst,legacy,2,k1,0.1775291797279305,0.2865919069959489,0.183518639989056,0.2927541421756144,2536,3.2636795158696996,2.1049181862537014
bdg2_fox,patchtst,refit,0,k1,0.1771025531576457,0.287060355202698,0.1789148059266641,0.2891902672104117,2536,1.0129138053343811,0.736508883324205
bdg2_fox,patchtst,refit,1,k1,0.1729809737455962,0.2798165997730044,0.1774665404722834,0.2872662049268532,2536,2.527556301458278,2.5932758626256436
bdg2_fox,patchtst,refit,2,k1,0.1738665024738719,0.2810141852592566,0.1754773751672313,0.2859294277113034,2536,0.9179945231254094,1.719040425950713
bdg2_panther,dlinear,legacy,0,k1,0.0719639844118924,0.1721563042026128,0.0778961183824501,0.1785384359146621,2536,7.6154423272189575,3.574654207847905
bdg2_panther,dlinear,legacy,1,k1,0.0720712644132275,0.1729173960818197,0.0783383119311524,0.1793496516915571,2536,7.999977741967035,3.586433287754298
bdg2_panther,dlinear,legacy,2,k1,0.0725717696873873,0.1737465110380368,0.0805036916586101,0.1821439269362954,2536,9.852867375150321,4.610318905222465
bdg2_panther,dlinear,refit,0,k1,0.072455849840413,0.1732537517238351,0.0773265981251636,0.1778118267130678,2536,6.298929996721991,2.563426220567444
bdg2_panther,dlinear,refit,1,k1,0.0713732015432146,0.1705930715382753,0.0766093468180306,0.1766298462537482,2536,6.834864794309448,3.4177546114151136
bdg2_panther,dlinear,refit,2,k1,0.0716209321436832,0.171512799869558,0.0766935526463754,0.1770248197118518,2536,6.614142033661452,3.1136988876847127
bdg2_panther,patchtst,legacy,0,k1,0.0712257955741379,0.169487781390071,0.0735923416645026,0.172912155947056,2536,3.215750493649816,1.9804128508081886
bdg2_panther,patchtst,legacy,1,k1,0.0716892824572595,0.1709318350505065,0.0747446557941097,0.1751959008725725,2536,4.087748220108844,2.4338844692305073
bdg2_panther,patchtst,legacy,2,k1,0.0714472931840322,0.1696336811641135,0.0729775293055062,0.1719463960494782,2536,2.0968593155133664,1.3450208544639741
bdg2_panther,patchtst,refit,0,k1,0.0712504345544937,0.1706977896003853,0.0810435353678489,0.1890732648971034,2536,12.083753218446414,9.71870629447178
bdg2_panther,patchtst,refit,1,k1,0.0700397270996255,0.1665199609194545,0.072169150618005,0.1696844123948981,2536,2.950600776293799,1.864904047921101
bdg2_panther,patchtst,refit,2,k1,0.0745025123914689,0.179170421658022,0.076768485190991,0.1830177645667254,2536,2.951696642033008,2.1021691079068483
ETTh1,dlinear,legacy,0,k2,0.3792151674884766,0.3950881353480656,0.3955730955366408,0.4036559040895817,2560,4.135247880286885,2.1225426544522197
ETTh1,dlinear,legacy,1,k2,0.381770223390138,0.3976027190662132,0.3987785825318127,0.4061631936103852,2560,4.265113495737416,2.1076440895783644
ETTh1,dlinear,legacy,2,k2,0.3810493496193195,0.3960655430783211,0.394104759071673,0.4017776976604459,2560,3.312674904790791,1.4217201739635477
ETTh1,dlinear,refit,0,k2,0.3800601984362396,0.396496760836012,0.3998238508098546,0.4078866380694986,2560,4.94308989660901,2.7924124426811803
ETTh1,dlinear,refit,1,k2,0.381979164802846,0.3968362356097145,0.3996132241273529,0.4060846825409959,2560,4.41278172488283,2.27746756499434
ETTh1,dlinear,refit,2,k2,0.3759839120846984,0.3925279557719051,0.3893195080572351,0.3986060351106982,2560,3.4253603265563037,1.5248337464597528
ETTh1,patchtst,legacy,0,k2,0.3892784160859363,0.4150038854584778,0.4293842736337855,0.4367887081843084,2560,9.340318220889209,4.9874967730709425
ETTh1,patchtst,legacy,1,k2,0.4090269035986345,0.4268930061153887,0.4555890611533522,0.4470102138935314,2560,10.220209729540631,4.500391076731458
ETTh1,patchtst,legacy,2,k2,0.4029445082385933,0.4188740263274599,0.4620188900151997,0.4532386548664535,2560,12.78613992918405,7.582016266710323
ETTh1,patchtst,refit,0,k2,0.3830054497523154,0.4108529216610397,0.4210708479325173,0.4299823023893913,2560,9.040140956588495,4.448876296082538
ETTh1,patchtst,refit,1,k2,0.3928020608075767,0.417612230177889,0.4327461583775899,0.4335945723455897,2560,9.230376006055785,3.6860106622742084
ETTh1,patchtst,refit,2,k2,0.3826770332947758,0.4143188098831097,0.4260292238720581,0.439314704035011,2560,10.175872486696235,5.689746762928571
ETTh2,dlinear,legacy,0,k2,0.1349575945989384,0.2443485577714798,0.1415501291321895,0.2531849842068671,2560,4.657385036430817,3.4901068335740693
ETTh2,dlinear,legacy,1,k2,0.1343200200638022,0.2431956665538138,0.1369262160584143,0.2464291188304605,2560,1.9033579322021543,1.3121226468659652
ETTh2,dlinear,legacy,2,k2,0.1357050311169795,0.2449084365781334,0.1444659210958572,0.2566657938040531,2560,6.064329851927219,4.580804107810177
ETTh2,dlinear,refit,0,k2,0.1387149625993423,0.2484838206589827,0.1574857800899883,0.2735780288993589,2560,11.919055472767282,9.172596330682536
ETTh2,dlinear,refit,1,k2,0.1342415417807262,0.2433463839531773,0.1410646462955558,0.2533221605139912,2560,4.836863589856499,3.9379802148272525
ETTh2,dlinear,refit,2,k2,0.1363432037328697,0.2461720104603819,0.1505263982113731,0.2632415475578891,2560,9.422396766969054,6.484362843123559
ETTh2,patchtst,legacy,0,k2,0.146033010804164,0.2599720994827341,0.1845296180249207,0.291208328769855,2560,20.862020760026578,10.726420298166406
ETTh2,patchtst,legacy,1,k2,0.149246800388459,0.2656457307379855,0.1848113271942272,0.3006248746049981,2560,19.243694283084555,11.635478904722362
ETTh2,patchtst,legacy,2,k2,0.1459907582453622,0.2623070244449297,0.233567280715134,0.3575223553124811,2560,37.495201468986096,26.631993622980985
ETTh2,patchtst,refit,0,k2,0.1419531592539723,0.2544975043387336,0.153924329869011,0.2659269570677061,2560,7.777308905763047,4.297966951151366
ETTh2,patchtst,refit,1,k2,0.1438844771202635,0.2579878629689212,0.1664075379820363,0.3015645126549745,2560,13.534880171236097,14.450191536930001
ETTh2,patchtst,refit,2,k2,0.137575679868635,0.2486051575556393,0.1599854921813644,0.2673008961640645,2560,14.007402800827062,6.994267088783001
ETTm1,dlinear,legacy,0,k2,0.2515632095666021,0.3305909821361946,0.2635142382218697,0.3388971904247036,2560,4.535249683626297,2.4509522425074537
ETTm1,dlinear,legacy,1,k2,0.2499762563525038,0.3296592352222585,0.2623566254997903,0.3376587980789953,2560,4.71890851763389,2.369126142202671
ETTm1,dlinear,legacy,2,k2,0.2482504534867925,0.327952464626735,0.261279788061064,0.336583064442178,2560,4.986736506088407,2.5641812459419433
ETTm1,dlinear,refit,0,k2,0.2508139200915905,0.3306546913360411,0.2640003862547807,0.3391195211912552,2560,4.994866238742635,2.4961199005822388
ETTm1,dlinear,refit,1,k2,0.2563947038674442,0.3363571400785596,0.2714258901522042,0.3471124218506225,2560,5.53786017845651,3.098500974042173
ETTm1,dlinear,refit,2,k2,0.2404730081116936,0.3205892667812565,0.2553406141308773,0.3337978190333607,2560,5.822656168424167,3.9570516938530753
ETTm1,patchtst,legacy,0,k2,0.2822877955337594,0.3504648504224383,0.3149530581001868,0.3625275199409553,2560,10.371470200500987,3.3273803656289624
ETTm1,patchtst,legacy,1,k2,0.2765678220591114,0.3492232447218434,0.3319671501115121,0.3747531882814637,2560,16.688195815095362,6.812468674835037
ETTm1,patchtst,legacy,2,k2,0.2729959544675946,0.340420269372626,0.3215011110080605,0.3614150700545651,2560,15.08708831157034,5.8090551339681
ETTm1,patchtst,refit,0,k2,0.2763158179437194,0.3450954501464959,0.3202909894711344,0.3598315111578848,2560,13.729756057148823,4.0952669664672925
ETTm1,patchtst,refit,1,k2,0.2716953353579848,0.3481507183559555,0.3116047794356251,0.3632477510041613,2560,12.807712433013318,4.156125566220736
ETTm1,patchtst,refit,2,k2,0.2663707239743713,0.3368561844899145,0.2998470838676395,0.3471134999125111,2560,11.16447739343216,2.955032122110468
ETTm2,dlinear,legacy,0,k2,0.0896738147178802,0.1981919206685003,0.0971136191848692,0.2083302455210748,2560,7.660928023726832,4.866468057586426
ETTm2,dlinear,legacy,1,k2,0.0905388806436797,0.1993594570343213,0.0966370985927592,0.2062022960647236,2560,6.310431540146033,3.318507679591709
ETTm2,dlinear,legacy,2,k2,0.0893645002219448,0.197925035148245,0.0959383208140483,0.2057721404966221,2560,6.852132220288865,3.8134925988709933
ETTm2,dlinear,refit,0,k2,0.0901286806934165,0.1987087262108573,0.1020296539490166,0.2151515579462906,2560,11.664229755740351,7.642441399163835
ETTm2,dlinear,refit,1,k2,0.0906656456990888,0.1999536467766498,0.1037356796600981,0.2172191392258054,2560,12.599362151802318,7.948421354900792
ETTm2,dlinear,refit,2,k2,0.0910426002187421,0.2015206262300323,0.1031248961800944,0.2162797652883896,2560,11.716177575832054,6.8240961139740985
ETTm2,patchtst,legacy,0,k2,0.0938480846936446,0.2028124014272546,0.1215281886361414,0.2340904681503667,2560,22.776694241178696,13.361529399403317
ETTm2,patchtst,legacy,1,k2,0.0952945063368521,0.2049720119370272,0.1086063531218815,0.2189022877298879,2560,12.25696877059339,6.3636958468199385
ETTm2,patchtst,legacy,2,k2,0.0970794886007452,0.2108164304030666,0.1181136857595897,0.2356635782040747,2560,17.80843347963742,10.543482361746836
ETTm2,patchtst,refit,0,k2,0.0894854451451266,0.1982792469710741,0.1284445097311806,0.2427223750192446,2560,30.331436250245947,18.31027240263563
ETTm2,patchtst,refit,1,k2,0.0925992937751885,0.2038038372288563,0.1130723924280687,0.2313689894804429,2560,18.106186853616123,11.913935533662611
ETTm2,patchtst,refit,2,k2,0.0945958218996376,0.2080393784486315,0.1116529630209008,0.2344577541349278,2560,15.276926522827882,11.267861787626288
appliances,dlinear,legacy,0,k2,0.1847854116715337,0.2502163003604588,0.2325691323577364,0.2880679854013933,6968,20.546028701995624,13.139844397561928
appliances,dlinear,legacy,1,k2,0.1847835977566435,0.2503485693344149,0.2338600692508773,0.2927677249626008,6968,20.9854002230651,14.489013648483507
appliances,dlinear,legacy,2,k2,0.1846726804920994,0.251281426678434,0.2466048524107622,0.3041905111067943,6968,25.113930773553584,17.39340396774741
appliances,dlinear,refit,0,k2,0.1843923120509828,0.2513667920450005,0.2214710995625274,0.277695690730193,6968,16.74204335680206,9.48120534962621
appliances,dlinear,refit,1,k2,0.1852442553092872,0.250282216912405,0.2216167536762602,0.2749426919619232,6968,16.41234146950201,8.969314613728107
appliances,dlinear,refit,2,k2,0.1853533600015651,0.2508648785437406,0.2279299018765531,0.2843024989562913,6968,18.6796648989247,11.761282625127878
appliances,patchtst,legacy,0,k2,0.1857702055657999,0.2512926278559056,0.4215198580785,0.373796431242931,6968,55.92848070963154,32.772865963348366
appliances,patchtst,legacy,1,k2,0.1859167522294751,0.2529529967837196,0.4488101578057483,0.3891468014261804,6968,58.575636269368346,34.99805321367809
appliances,patchtst,legacy,2,k2,0.1831814631800113,0.2498385771058577,0.4399032140442657,0.3861921650488502,6968,58.358689518104214,35.30718649503023
appliances,patchtst,refit,0,k2,0.18209066555381,0.2515000744994666,0.4695688419918778,0.3932843572278388,6968,61.22173166741764,36.05134049260781
appliances,patchtst,refit,1,k2,0.1826687454298901,0.2531869321844189,0.4304963504108326,0.3902387975236796,6968,57.56787595166253,35.11999991004083
appliances,patchtst,refit,2,k2,0.1774154280012556,0.245693817977134,0.4253650581247619,0.3816055212205237,6968,58.29101976937214,35.615759124420144
bdg2,dlinear,legacy,0,k2,0.2023198213781501,0.2913109538249546,0.2169297286897771,0.3063098620758143,4416,6.734857135473615,4.896645556631585
bdg2,dlinear,legacy,1,k2,0.2017513066671352,0.2937298405168597,0.2259040573703683,0.3231701026239107,4416,10.691596682407,9.109834687063278
bdg2,dlinear,legacy,2,k2,0.2023938720515108,0.2917533260828246,0.2192738890418394,0.3102973736013714,4416,7.698142749275427,5.976218007687583
bdg2,dlinear,refit,0,k2,0.2017030698300079,0.2867065444985248,0.2141913409078949,0.2960556635998039,4416,5.830427609703004,3.157892332678658
bdg2,dlinear,refit,1,k2,0.203073079339718,0.291271761202549,0.2189961129917391,0.3092129231080202,4416,7.27092067274352,5.802203130819217
bdg2,dlinear,refit,2,k2,0.2011943709066851,0.2893344989891267,0.2202234593301701,0.3118603725438192,4416,8.640808968019897,7.2230637611796595
bdg2,patchtst,legacy,0,k2,0.1918368530708808,0.291326347085516,0.2203223735026798,0.3221009568288342,4416,12.929018500907052,9.554336642244731
bdg2,patchtst,legacy,1,k2,0.195824481885873,0.2950572540522412,0.2225063797094431,0.3198445830291455,4416,11.9915203592869,7.7498042149569795
bdg2,patchtst,legacy,2,k2,0.1932352212819701,0.2922588819575695,0.2180406520239773,0.3190164642622972,4416,11.376516494400967,8.38752393755059
bdg2,patchtst,refit,0,k2,0.1858161772053265,0.284097519496612,0.2006033697453123,0.3000128517088695,4416,7.37135799800358,5.304883481358869
bdg2,patchtst,refit,1,k2,0.1924813560062085,0.2933446219735489,0.2115402672566758,0.3192441934097231,4416,9.009590229618958,8.11277760749568
bdg2,patchtst,refit,2,k2,0.1913744579551935,0.2906735560461137,0.2042283493221909,0.303569363188778,4416,6.2938820245367015,4.2480594903263835
bdg2_fox,dlinear,legacy,0,k2,0.2201237065789105,0.3068786595317088,0.2372526588699501,0.317105910938004,4416,7.21970930594662,3.225184726466579
bdg2_fox,dlinear,legacy,1,k2,0.2228511259799058,0.3092618005701165,0.2381683133851614,0.3188474879185777,4416,6.431244856860918,3.00635498527404
bdg2_fox,dlinear,legacy,2,k2,0.2225449386336193,0.3121143258825289,0.239393946439265,0.3222495356018405,4416,7.038192926871012,3.145143312738319
bdg2_fox,dlinear,refit,0,k2,0.2220260760496936,0.3060475992266575,0.2351892860078211,0.310563203817023,4416,5.596857825270907,1.4540050253429415
bdg2_fox,dlinear,refit,1,k2,0.2217883167948196,0.3098004468254958,0.2385137057040892,0.318529744993543,4416,7.012338708124322,2.74049701958734
bdg2_fox,dlinear,refit,2,k2,0.2201129318327301,0.3057650362552205,0.236396773189513,0.3155418242591663,4416,6.888351789695779,3.0984127149863316
bdg2_fox,patchtst,legacy,0,k2,0.181735545382698,0.2892934987983671,0.1902763574626705,0.2979829077263206,4416,4.488635474140857,2.916076292514802
bdg2_fox,patchtst,legacy,1,k2,0.1735794397714655,0.28276687774534,0.1845938965389207,0.2940718444077864,4416,5.966858587403423,3.8442873323057514
bdg2_fox,patchtst,legacy,2,k2,0.1762221314190422,0.2845345379663806,0.183518639989056,0.2927541421756144,4416,3.975895075535063,2.8076816089259937
bdg2_fox,patchtst,refit,0,k2,0.1751330177975876,0.2848687415006003,0.1789148059266641,0.2891902672104117,4416,2.1137368198731465,1.4943537870405144
bdg2_fox,patchtst,refit,1,k2,0.1714892889565792,0.2763923883769678,0.1774665404722834,0.2872662049268532,4416,3.3681005443602197,3.7852752476241314
bdg2_fox,patchtst,refit,2,k2,0.1742019033092893,0.2791645740710569,0.1754773751672313,0.2859294277113034,4416,0.7268582953936176,2.3659172455228528
bdg2_panther,dlinear,legacy,0,k2,0.0709733417649262,0.1707920725223182,0.0778961183824501,0.1785384359146621,4416,8.887190737200578,4.338765125088528
bdg2_panther,dlinear,legacy,1,k2,0.0712635442102562,0.1716948718416953,0.0783383119311524,0.1793496516915571,4416,9.031044384915843,4.268076228565176
bdg2_panther,dlinear,legacy,2,k2,0.0717987075065456,0.1723582974404318,0.0805036916586101,0.1821439269362954,4416,10.813149027971903,5.37247091377695
bdg2_panther,dlinear,refit,0,k2,0.0710571802308224,0.1709984990596703,0.0773265981251636,0.1778118267130678,4416,8.107712024513603,3.8317629256416463
bdg2_panther,dlinear,refit,1,k2,0.0702214598870676,0.1689920127072519,0.0766093468180306,0.1766298462537482,4416,8.338260533843322,4.324203246785208
bdg2_panther,dlinear,refit,2,k2,0.0703528694888782,0.1696413982680175,0.0766935526463754,0.1770248197118518,4416,8.267556970184064,4.170839691209682
bdg2_panther,patchtst,legacy,0,k2,0.069380970581654,0.1672099845879942,0.0735923416645026,0.172912155947056,4416,5.72256703292261,3.297727292699859
bdg2_panther,patchtst,legacy,1,k2,0.069055051897253,0.1675650301310383,0.0747446557941097,0.1751959008725725,4416,7.612054449122329,4.35562173745404
bdg2_panther,patchtst,legacy,2,k2,0.0689456826733599,0.1673033654704326,0.0729775293055062,0.1719463960494782,4416,5.5247782029832155,2.700277927145134
bdg2_panther,patchtst,refit,0,k2,0.0692475093698002,0.1687682664750051,0.0810435353678489,0.1890732648971034,4416,14.555172037482889,10.73922240309787
bdg2_panther,patchtst,refit,1,k2,0.0678705214491482,0.1641651442317878,0.072169150618005,0.1696844123948981,4416,5.956325011513108,3.252666573913443
bdg2_panther,patchtst,refit,2,k2,0.0699853948537414,0.170420755225193,0.076768485190991,0.1830177645667254,4416,8.835774628578463,6.88294350625166
ETTh1,dlinear,legacy,0,k3,0.3694166146710342,0.3917290012066149,0.3955730955366408,0.4036559040895817,3544,6.612300270351367,2.954720285800627
ETTh1,dlinear,legacy,1,k3,0.371341469434826,0.3939148791264762,0.3987785825318127,0.4061631936103852,3544,6.88028753269313,3.015614087291796
ETTh1,dlinear,legacy,2,k3,0.371763566537821,0.3933445842415792,0.394104759071673,0.4017776976604459,3544,5.668846168332875,2.0989501079758277
ETTh1,dlinear,refit,0,k3,0.3716230578339644,0.3939685534990985,0.3998238508098546,0.4078866380694986,3544,7.053304328585885,3.412243322378372
ETTh1,dlinear,refit,1,k3,0.3733257171073018,0.3941033160691817,0.3996132241273529,0.4060846825409959,3544,6.578237513900076,2.950460085527762
ETTh1,dlinear,refit,2,k3,0.3678028558488239,0.3898789817811208,0.3893195080572351,0.3986060351106982,3544,5.526733637310555,2.18939317543293
ETTh1,patchtst,legacy,0,k3,0.3835736446411956,0.4113220041507511,0.4293842736337855,0.4367887081843084,3544,10.668911696486816,5.830440108999191
ETTh1,patchtst,legacy,1,k3,0.3928059341599635,0.4184048739027353,0.4555890611533522,0.4470102138935314,3544,13.78064847177175,6.399258697388355
ETTh1,patchtst,legacy,2,k3,0.3964039331498602,0.4168443261110272,0.4620188900151997,0.4532386548664535,3544,14.201790940448522,8.029837782955617
ETTh1,patchtst,refit,0,k3,0.3781236148603685,0.4077235299479706,0.4210708479325173,0.4299823023893913,3544,10.199526583951911,5.176671764798158
ETTh1,patchtst,refit,1,k3,0.3823532006861475,0.4106754154296904,0.4327461583775899,0.4335945723455897,3544,11.644923176295963,5.285849587995295
ETTh1,patchtst,refit,2,k3,0.3776533260761215,0.4107759477623259,0.4260292238720581,0.439314704035011,3544,11.355065588285672,6.49619874103069
ETTh2,dlinear,legacy,0,k3,0.1343159108216286,0.2436497918172316,0.1415501291321895,0.2531849842068671,3544,5.110711205219087,3.7660971165038304
ETTh2,dlinear,legacy,1,k3,0.1332517054265492,0.2418023697500188,0.1369262160584143,0.2464291188304605,3544,2.6835698361061033,1.8775171953704262
ETTh2,dlinear,legacy,2,k3,0.1350701239425876,0.244181507626122,0.1444659210958572,0.2566657938040531,3544,6.5038156279329185,4.864024143186752
ETTh2,dlinear,refit,0,k3,0.1376362646153289,0.2470433497074043,0.1574857800899883,0.2735780288993589,3544,12.604004922423629,9.699126533920566
ETTh2,dlinear,refit,1,k3,0.1336216382528206,0.2427510172696355,0.1410646462955558,0.2533221605139912,3544,5.276310002678297,4.173003744681014
ETTh2,dlinear,refit,2,k3,0.1350401052824363,0.2446232602935734,0.1505263982113731,0.2632415475578891,3544,10.28809106771461,7.072700885190386
ETTh2,patchtst,legacy,0,k3,0.1448967333644973,0.2581919643234518,0.1845296180249207,0.291208328769855,3544,21.47779044070367,11.337712965104219
ETTh2,patchtst,legacy,1,k3,0.1482539131498236,0.2640746925677495,0.1848113271942272,0.3006248746049981,3544,19.78093799736832,12.158069782240466
ETTh2,patchtst,legacy,2,k3,0.1451878814455262,0.2612868618455453,0.233567280715134,0.3575223553124811,3544,37.838946876038726,26.917335947516975
ETTh2,patchtst,refit,0,k3,0.1412266048707107,0.2533174963667895,0.153924329869011,0.2659269570677061,3544,8.249329400430728,4.741700818885441
ETTh2,patchtst,refit,1,k3,0.1421800513173207,0.2554657559189952,0.1664075379820363,0.3015645126549745,3544,14.559128125151977,15.28653233436713
ETTh2,patchtst,refit,2,k3,0.1362375394640856,0.2470130433174368,0.1599854921813644,0.2673008961640645,3544,14.843816394524955,7.589893314153118
ETTm1,dlinear,legacy,0,k3,0.2493523385889947,0.3286269237833674,0.2635142382218697,0.3388971904247036,3544,5.37424456774559,3.030496248276837
ETTm1,dlinear,legacy,1,k3,0.2475866614784442,0.3272933213869816,0.2623566254997903,0.3376587980789953,3544,5.629727853531142,3.0698079691643954
ETTm1,dlinear,legacy,2,k3,0.2457846319422804,0.3256152830894356,0.261279788061064,0.336583064442178,3544,5.930484035436456,3.2585660157677276
ETTm1,dlinear,refit,0,k3,0.248417954166606,0.3284830512870636,0.2640003862547807,0.3391195211912552,3544,5.90242776127472,3.1364959076457533
ETTm1,dlinear,refit,1,k3,0.2532248789534783,0.3332720842667439,0.2714258901522042,0.3471124218506225,3544,6.705701946310116,3.9872781014546166
ETTm1,dlinear,refit,2,k3,0.2383758951876514,0.3185572260754093,0.2553406141308773,0.3337978190333607,3544,6.643956348648262,4.565815619193181
ETTm1,patchtst,legacy,0,k3,0.2802614660338378,0.3490031274538889,0.3149530581001868,0.3625275199409553,3544,11.014845283805307,3.730583677969912
ETTm1,patchtst,legacy,1,k3,0.273781256983366,0.3465898421844954,0.3319671501115121,0.3747531882814637,3544,17.527605700925754,7.515171845800506
ETTm1,patchtst,legacy,2,k3,0.2716059480535692,0.3397507173513817,0.3215011110080605,0.3614150700545651,3544,15.519437179562455,5.994313601785506
ETTm1,patchtst,refit,0,k3,0.2744242516040439,0.3439662326183351,0.3202909894711344,0.3598315111578848,3544,14.32033350136569,4.409085376791378
ETTm1,patchtst,refit,1,k3,0.2698730371857337,0.3467042612760156,0.3116047794356251,0.3632477510041613,3544,13.392523158815294,4.554326814801435
ETTm1,patchtst,refit,2,k3,0.2643932780064685,0.335583176040419,0.2998470838676395,0.3471134999125111,3544,11.823962202287497,3.3217733896832913
ETTm2,dlinear,legacy,0,k3,0.0891752779403669,0.1975622482762875,0.0971136191848692,0.2083302455210748,3544,8.174282156440448,5.1687152856055185
ETTm2,dlinear,legacy,1,k3,0.0899614329902891,0.1986541121881151,0.0966370985927592,0.2062022960647236,3544,6.907973955842972,3.66057217628617
ETTm2,dlinear,legacy,2,k3,0.0889121017693223,0.1972266933508264,0.0959383208140483,0.2057721404966221,3544,7.3236835761848695,4.152868860270209
ETTm2,dlinear,refit,0,k3,0.0895671829492796,0.1979721357910065,0.1020296539490166,0.2151515579462906,3544,12.214557746088605,7.984800258603142
ETTm2,dlinear,refit,1,k3,0.0901279027658053,0.1991952373257599,0.1037356796600981,0.2172191392258054,3544,13.11774014387359,8.29756621091715
ETTm2,dlinear,refit,2,k3,0.0905198386178459,0.2006091010084701,0.1031248961800944,0.2162797652883896,3544,12.223098426431756,7.245552656774934
ETTm2,patchtst,legacy,0,k3,0.0934047271207089,0.2022039899230971,0.1215281886361414,0.2340904681503667,3544,23.14151295353779,13.62143383249056
ETTm2,patchtst,legacy,1,k3,0.094851002557012,0.2044732806856574,0.1086063531218815,0.2189022877298879,3544,12.665327735876375,6.59152866507956
ETTm2,patchtst,legacy,2,k3,0.0965988068917474,0.2102947464068276,0.1181136857595897,0.2356635782040747,3544,18.215398774054016,10.76485046631972
ETTm2,patchtst,refit,0,k3,0.088691057693099,0.1972900391139876,0.1284445097311806,0.2427223750192446,3544,30.949903675354395,18.71781944357409
ETTm2,patchtst,refit,1,k3,0.0920952542730027,0.2030388339972669,0.1130723924280687,0.2313689894804429,3544,18.551953933769163,12.244577610332986
ETTm2,patchtst,refit,2,k3,0.0937536210162837,0.2070774794623464,0.1116529630209008,0.2344577541349278,3544,16.031228836503374,11.678127163507835
appliances,dlinear,legacy,0,k3,0.1843277720038015,0.2492468396014036,0.2325691323577364,0.2880679854013933,10080,20.74280445770007,13.476383273169489
appliances,dlinear,legacy,1,k3,0.1842723879195549,0.2492480247838686,0.2338600692508773,0.2927677249626008,10080,21.203996684926317,14.86492412518885
appliances,dlinear,legacy,2,k3,0.1839646580621088,0.2496364840033729,0.2466048524107622,0.3041905111067943,10080,25.401038842624047,17.934164647321538
appliances,dlinear,refit,0,k3,0.1830398478787439,0.2485260588197106,0.2214710995625274,0.277695690730193,10080,17.35271634073109,10.504171610939183
appliances,dlinear,refit,1,k3,0.184753748641561,0.2493920541675761,0.2216167536762602,0.2749426919619232,10080,16.633672510404608,9.293077627204449
appliances,dlinear,refit,2,k3,0.1847820796158495,0.249717011402646,0.2279299018765531,0.2843024989562913,10080,18.930303529930214,12.165031148376393
appliances,patchtst,legacy,0,k3,0.1853960867479036,0.2507957815011687,0.4215198580785,0.373796431242931,10080,56.01723544104602,32.90578493025363
appliances,patchtst,legacy,1,k3,0.1854753681092896,0.2523345222256118,0.4488101578057483,0.3891468014261804,10080,58.67398166385394,35.15698412505681
appliances,patchtst,legacy,2,k3,0.1829766935777463,0.2496488957618841,0.4399032140442657,0.3861921650488502,10080,58.405238303320495,35.35630228792821
appliances,patchtst,refit,0,k3,0.1820022650076246,0.2514501337932573,0.4695688419918778,0.3932843572278388,10080,61.24055756434268,36.06403886346631
appliances,patchtst,refit,1,k3,0.1826793189031329,0.2532216287707932,0.4304963504108326,0.3902387975236796,10080,57.56541983949508,35.111108793474656
appliances,patchtst,refit,2,k3,0.1772719732237871,0.2455902103231929,0.4253650581247619,0.3816055212205237,10080,58.32474486613983,35.64290958430073
bdg2,dlinear,legacy,0,k3,0.1976460889346429,0.2845539739261802,0.2169297286897771,0.3063098620758143,6296,8.889348579194056,7.102575151252988
bdg2,dlinear,legacy,1,k3,0.1971669788015488,0.286646914903272,0.2259040573703683,0.3231701026239107,6296,12.72092183882526,11.301536690460068
bdg2,dlinear,legacy,2,k3,0.1974117454655499,0.2845547073485084,0.2192738890418394,0.3102973736013714,6296,9.970244825692854,8.296127664275277
bdg2,dlinear,refit,0,k3,0.197575128650131,0.2821352319657034,0.2141913409078949,0.2960556635998039,6296,7.757648926110927,4.701964307940953
bdg2,dlinear,refit,1,k3,0.1985290958303017,0.2859096514841973,0.2189961129917391,0.3092129231080202,6296,9.345835814998892,7.536318789522955
bdg2,dlinear,refit,2,k3,0.1973216431187883,0.2847497205128242,0.2202234593301701,0.3118603725438192,6296,10.399353584327375,8.693201964025011
bdg2,patchtst,legacy,0,k3,0.1885625832597696,0.2879522021810595,0.2203223735026798,0.3221009568288342,6296,14.41514528824005,10.601879293988414
bdg2,patchtst,legacy,1,k3,0.1932055685479641,0.2921618566276385,0.2225063797094431,0.3198445830291455,6296,13.168526313601003,8.65505557084405
bdg2,patchtst,legacy,2,k3,0.1905840753602306,0.2895393698641976,0.2180406520239773,0.3190164642622972,6296,12.59241174014073,9.239991567915862
bdg2,patchtst,refit,0,k3,0.1833976300731167,0.2817576503918123,0.2006033697453123,0.3000128517088695,6296,8.576994341640487,6.0848064384828255
bdg2,patchtst,refit,1,k3,0.1897716609032425,0.2893487778095096,0.2115402672566758,0.3192441934097231,6296,10.290526071341311,9.364435193295817
bdg2,patchtst,refit,2,k3,0.1886850882140016,0.287279934502195,0.2042283493221909,0.303569363188778,6296,7.610726502846199,5.365965957656005
bdg2_fox,dlinear,legacy,0,k3,0.2146706697076027,0.3021913743046484,0.2372526588699501,0.317105910938004,6296,9.518118477536508,4.703329745332785
bdg2_fox,dlinear,legacy,1,k3,0.2156161960325831,0.303825555762645,0.2381683133851614,0.3188474879185777,6296,9.468983103603467,4.711322097594428
bdg2_fox,dlinear,legacy,2,k3,0.215283672632167,0.3042058549182455,0.239393946439265,0.3222495356018405,6296,10.071379901502587,5.59928834339396
bdg2_fox,dlinear,refit,0,k3,0.2154043030107515,0.301127152482625,0.2351892860078211,0.310563203817023,6296,8.412365772653295,3.038367462217939
bdg2_fox,dlinear,refit,1,k3,0.2143703357879016,0.3029529450303595,0.2385137057040892,0.318529744993543,6296,10.12242455623953,4.890218325920936
bdg2_fox,dlinear,refit,2,k3,0.2142053165011506,0.3016809750677302,0.236396773189513,0.3155418242591663,6296,9.387377157881971,4.3927137785866766
bdg2_fox,patchtst,legacy,0,k3,0.1784325807640778,0.2865855483721435,0.1902763574626705,0.2979829077263206,6296,6.2245130485621525,3.8248366126572786
bdg2_fox,patchtst,legacy,1,k3,0.1713037142803858,0.2803846184662169,0.1845938965389207,0.2940718444077864,6296,7.199686721891552,4.654381642395378
bdg2_fox,patchtst,legacy,2,k3,0.1750487219869292,0.2823157184948822,0.183518639989056,0.2927541421756144,6296,4.615290306549724,3.565593847164261
bdg2_fox,patchtst,refit,0,k3,0.1719625518396441,0.2816262630005762,0.1789148059266641,0.2891902672104117,6296,3.8857902514058407,2.615580490588232
bdg2_fox,patchtst,refit,1,k3,0.1663791772830455,0.2732172625334807,0.1774665404722834,0.2872662049268532,6296,6.247579492861943,4.890565667809666
bdg2_fox,patchtst,refit,2,k3,0.1729075142246335,0.2764947411935587,0.1754773751672313,0.2859294277113034,6296,1.464497027123135,3.2996556504392704
bdg2_panther,dlinear,legacy,0,k3,0.0676409340504347,0.1650364930312062,0.0778961183824501,0.1785384359146621,6296,13.165205847183625,7.562485251024354
bdg2_panther,dlinear,legacy,1,k3,0.0674010830833439,0.164973106501432,0.0783383119311524,0.1793496516915571,6296,13.961532458627236,8.015931480508076
bdg2_panther,dlinear,legacy,2,k3,0.0674082071864568,0.165003371119647,0.0805036916586101,0.1821439269362954,6296,16.266936586817625,9.410445961584713
bdg2_panther,dlinear,refit,0,k3,0.0671476780824493,0.1642231340191171,0.0773265981251636,0.1778118267130678,6296,13.163543062166438,7.642175970599851
bdg2_panther,dlinear,refit,1,k3,0.0671752794341866,0.1640414670133605,0.0766093468180306,0.1766298462537482,6296,12.314512230802134,7.126983070745075
bdg2_panther,dlinear,refit,2,k3,0.0669033728211212,0.1637646552248567,0.0766935526463754,0.1770248197118518,6296,12.765323143127194,7.4905679941259296
bdg2_panther,patchtst,legacy,0,k3,0.0682391553830109,0.1658687802625307,0.0735923416645026,0.172912155947056,6296,7.274107822110276,4.073383762956439
bdg2_panther,patchtst,legacy,1,k3,0.0679814996025787,0.1661653444707447,0.0747446557941097,0.1751959008725725,6296,9.048347496790509,5.15454777015365
bdg2_panther,patchtst,legacy,2,k3,0.0679281834694666,0.1658565906668618,0.0729775293055062,0.1719463960494782,6296,6.919041907957046,3.5416882950335626
bdg2_panther,patchtst,refit,0,k3,0.0671679761907753,0.1652654668432297,0.0810435353678489,0.1890732648971034,6296,17.121117821543397,12.591837384746206
bdg2_panther,patchtst,refit,1,k3,0.0667384914761604,0.1629198023908186,0.072169150618005,0.1696844123948981,6296,7.5249037786094375,3.986583038833613
bdg2_panther,patchtst,refit,2,k3,0.0691073707870506,0.1693502268797971,0.076768485190991,0.1830177645667254,6296,9.97950446056144,7.467874891426362
ETTh1,dlinear,legacy,0,k6,0.3556946103296949,0.3846162937300635,0.3955730955366408,0.4036559040895817,6496,10.081192491831647,4.71679223978173
ETTh1,dlinear,legacy,1,k6,0.3558041083224976,0.3853208836769562,0.3987785825318127,0.4061631936103852,6496,10.776525142467197,5.131511240140119
ETTh1,dlinear,legacy,2,k6,0.3577041048233065,0.3861662099582466,0.394104759071673,0.4017776976604459,6496,9.236288933457558,3.8856033555633163
ETTh1,dlinear,refit,0,k6,0.3571486265779936,0.386154115747741,0.3998238508098546,0.4078866380694986,6496,10.673506381728126,5.328079003670294
ETTh1,dlinear,refit,1,k6,0.3590971901800874,0.3872996088349573,0.3996132241273529,0.4060846825409959,6496,10.138812106566675,4.6259005851919
ETTh1,dlinear,refit,2,k6,0.3544725381365483,0.3833997488727285,0.3893195080572351,0.3986060351106982,6496,8.950738198190633,3.814866032760067
ETTh1,patchtst,legacy,0,k6,0.373652911849984,0.4049954903573518,0.4293842736337855,0.4367887081843084,6496,12.979367248865248,7.27885525226103
ETTh1,patchtst,legacy,1,k6,0.3823979748908758,0.4117441994074255,0.4555890611533522,0.4470102138935314,6496,16.06515443482962,7.889308429651576
ETTh1,patchtst,legacy,2,k6,0.384871394745257,0.410817911388935,0.4620188900151997,0.4532386548664535,6496,16.697909314358263,9.359471665102737
ETTh1,patchtst,refit,0,k6,0.3661282776045149,0.400392960265531,0.4210708479325173,0.4299823023893913,6496,13.048295933516574,6.8815255789444585
ETTh1,patchtst,refit,1,k6,0.3740240118410846,0.4059093098661034,0.4327461583775899,0.4335945723455897,6496,13.569651723001009,6.385057435040997
ETTh1,patchtst,refit,2,k6,0.3716660365367214,0.4061114333212779,0.4260292238720581,0.439314704035011,6496,12.760436206991898,7.557969357448813
ETTh2,dlinear,legacy,0,k6,0.1326495718750969,0.2415387148816986,0.1415501291321895,0.2531849842068671,6496,6.287918853666763,4.599905228049705
ETTh2,dlinear,legacy,1,k6,0.1321613196586192,0.240583895774505,0.1369262160584143,0.2464291188304605,6496,3.479900735562824,2.3719693044785495
ETTh2,dlinear,legacy,2,k6,0.1340109335212949,0.2428677430079935,0.1444659210958572,0.2566657938040531,6496,7.236992292199584,5.37588222862041
ETTh2,dlinear,refit,0,k6,0.1358194620930472,0.244600905805594,0.1574857800899883,0.2735780288993589,6496,13.757634489006442,10.591904331770996
ETTh2,dlinear,refit,1,k6,0.1321246217647727,0.2406581890023824,0.1410646462955558,0.2533221605139912,6496,6.337537267879401,4.999156601978127
ETTh2,dlinear,refit,2,k6,0.1336786106080773,0.2427633543717019,0.1505263982113731,0.2632415475578891,6496,11.19258004143413,7.779240540167331
ETTh2,patchtst,legacy,0,k6,0.1431404209312933,0.2562401175723953,0.1845296180249207,0.291208328769855,6496,22.429568508637885,12.007970838325654
ETTh2,patchtst,legacy,1,k6,0.1465629903840691,0.2619586370047218,0.1848113271942272,0.3006248746049981,6496,20.695883413012382,12.861955502212286
ETTh2,patchtst,legacy,2,k6,0.1434013361519742,0.2585871125535487,0.233567280715134,0.3575223553124811,6496,38.60384223641711,27.67246335476313
ETTh2,patchtst,refit,0,k6,0.1394452262000393,0.251369169992028,0.153924329869011,0.2659269570677061,6496,9.40663745705007,5.474355528376007
ETTh2,patchtst,refit,1,k6,0.1400094422450061,0.2528099531407352,0.1664075379820363,0.3015645126549745,6496,15.863521603137876,16.16720717069927
ETTh2,patchtst,refit,2,k6,0.1349351716908819,0.2451449571704221,0.1599854921813644,0.2673008961640645,6496,15.657870066171187,8.288763454067693
ETTm1,dlinear,legacy,0,k6,0.2485320542069501,0.327905380465713,0.2635142382218697,0.3388971904247036,6496,5.685531118172493,3.243405454384485
ETTm1,dlinear,legacy,1,k6,0.246594254169385,0.3263326701304027,0.2623566254997903,0.3376587980789953,6496,6.007994385648885,3.3543115159531123
ETTm1,dlinear,legacy,2,k6,0.2450163301052376,0.3247456371750074,0.261279788061064,0.336583064442178,6496,6.224537334677205,3.516940843945582
ETTm1,dlinear,refit,0,k6,0.2474816032174799,0.3276225404269195,0.2640003862547807,0.3391195211912552,6496,6.257105632170889,3.3902444553911892
ETTm1,dlinear,refit,1,k6,0.2523129205139932,0.3324549510005885,0.2714258901522042,0.3471124218506225,6496,7.041689953560903,4.222686924278896
ETTm1,dlinear,refit,2,k6,0.2375487443370577,0.3174517205307147,0.2553406141308773,0.3337978190333607,6496,6.96789653082771,4.897005783315899
ETTm1,patchtst,legacy,0,k6,0.2792965722365694,0.3484870041643606,0.3149530581001868,0.3625275199409553,6496,11.321206429522924,3.8729517082955356
ETTm1,patchtst,legacy,1,k6,0.2729503859557193,0.3458092703620372,0.3319671501115121,0.3747531882814637,6496,17.777892823421926,7.723461420610455
ETTm1,patchtst,legacy,2,k6,0.2705755110368468,0.3390577886633945,0.3215011110080605,0.3614150700545651,6496,15.839945252922295,6.186040163680828
ETTm1,patchtst,refit,0,k6,0.2734583351618164,0.3434937264299755,0.3202909894711344,0.3598315111578848,6496,14.621908155033726,4.540398553572123
ETTm1,patchtst,refit,1,k6,0.2681439074687132,0.3449038195487917,0.3116047794356251,0.3632477510041613,6496,13.947434325502872,5.049977984628862
ETTm1,patchtst,refit,2,k6,0.2634430713916409,0.3350061174505074,0.2998470838676395,0.3471134999125111,6496,12.140859269476255,3.488018318231745
ETTm2,dlinear,legacy,0,k6,0.0886958472243735,0.197033212649394,0.0971136191848692,0.2083302455210748,6496,8.667962363210158,5.422656150298632
ETTm2,dlinear,legacy,1,k6,0.089445013170632,0.1979939910578349,0.0966370985927592,0.2062022960647236,6496,7.442364813160984,3.9807049502068703
ETTm2,dlinear,legacy,2,k6,0.0883725286373271,0.1962623292768374,0.0959383208140483,0.2057721404966221,6496,7.886100269969843,4.621525147589556
ETTm2,dlinear,refit,0,k6,0.0891798713715693,0.1973295309431709,0.1020296539490166,0.2151515579462906,6496,12.594164617933757,8.283475691850995
ETTm2,dlinear,refit,1,k6,0.0894566107242302,0.1981428163441307,0.1037356796600981,0.2172191392258054,6496,13.764857937649722,8.782063564778397
ETTm2,dlinear,refit,2,k6,0.0894978343943994,0.1986849045857941,0.1031248961800944,0.2162797652883896,6496,13.214133822638807,8.135232012636195
ETTm2,patchtst,legacy,0,k6,0.0926848485165316,0.2011026251411496,0.1215281886361414,0.2340904681503667,6496,23.733868202353882,14.091920644982237
ETTm2,patchtst,legacy,1,k6,0.0939276392214385,0.2028480052515355,0.1086063531218815,0.2189022877298879,6496,13.515520481541332,7.333994836162883
ETTm2,patchtst,legacy,2,k6,0.0944050119849302,0.2059419658576531,0.1181136857595897,0.2356635782040747,6496,20.0727575489571,12.611881977232786
ETTm2,patchtst,refit,0,k6,0.0883229388479107,0.1967620781416712,0.1284445097311806,0.2427223750192446,6496,31.236501246522465,18.93533584364827
ETTm2,patchtst,refit,1,k6,0.0908422478609145,0.2006028202900774,0.1130723924280687,0.2313689894804429,6496,19.6600992424353,13.297447190072164
ETTm2,patchtst,refit,2,k6,0.0927306581966077,0.205053387529751,0.1116529630209008,0.2344577541349278,6496,16.947427378842562,12.541434900999239
appliances,dlinear,legacy,0,k6,0.184496819253501,0.2490688614611904,0.2325691323577364,0.2880679854013933,19416,20.670117576175528,13.538166653910388
appliances,dlinear,legacy,1,k6,0.1842665498904205,0.2485307338532839,0.2338600692508773,0.2927677249626008,19416,21.206493061991928,15.109927542377799
appliances,dlinear,legacy,2,k6,0.1839131301114523,0.2485817685818138,0.2466048524107622,0.3041905111067943,19416,25.421933788588312,18.28089322137255
appliances,dlinear,refit,0,k6,0.1830803302472915,0.2480244150476304,0.2214710995625274,0.277695690730193,19416,17.33443749142407,10.684816751942684
appliances,dlinear,refit,1,k6,0.184939423949443,0.249238622267332,0.2216167536762602,0.2749426919619232,19416,16.549890348270235,9.348882674848824
appliances,dlinear,refit,2,k6,0.185000997353493,0.2496918174243427,0.2279299018765531,0.2843024989562913,19416,18.834257449165403,12.173892828592269
appliances,patchtst,legacy,0,k6,0.1854878764120554,0.2507256916468476,0.4215198580785,0.373796431242931,19416,55.9954595596984,32.924535739106474
appliances,patchtst,legacy,1,k6,0.1854443829519495,0.2519346771895079,0.4488101578057483,0.3891468014261804,19416,58.680885508787306,35.25973327644094
appliances,patchtst,legacy,2,k6,0.1830551409417979,0.2496156488626094,0.4399032140442657,0.3861921650488502,19416,58.387405434283146,35.36491118844034
appliances,patchtst,refit,0,k6,0.1819446397736359,0.251008349622475,0.4695688419918778,0.3932843572278388,19416,61.25282951018649,36.17637086006449
appliances,patchtst,refit,1,k6,0.1828587059912198,0.253270225581485,0.4304963504108326,0.3902387975236796,19416,57.523750011652005,35.09865569783164
appliances,patchtst,refit,2,k6,0.1773654146606318,0.2455134566584552,0.4253650581247619,0.3816055212205237,19416,58.30277751478836,35.66302293708772
bdg2,dlinear,legacy,0,k6,0.1910671977152727,0.2786921007106558,0.2169297286897771,0.3063098620758143,11936,11.922077776388795,9.016282132738795
bdg2,dlinear,legacy,1,k6,0.1906200803902943,0.280362547599466,0.2259040573703683,0.3231701026239107,11936,15.619009853473397,13.24613715095484
bdg2,dlinear,legacy,2,k6,0.1908623324323989,0.278254242906935,0.2192738890418394,0.3102973736013714,11936,12.957108907763903,10.326587789815168
bdg2,dlinear,refit,0,k6,0.1908344592849898,0.2762502835661124,0.2141913409078949,0.2960556635998039,11936,10.90468061122456,6.689748742811952
bdg2,dlinear,refit,1,k6,0.1917572339434928,0.279639654000664,0.2189961129917391,0.3092129231080202,11936,12.438065076193283,9.564046938951865
bdg2,dlinear,refit,2,k6,0.1903894209863563,0.2788087488064042,0.2202234593301701,0.3118603725438192,11936,13.547166334847683,10.598212099798266
bdg2,patchtst,legacy,0,k6,0.1850630414404745,0.2840364859196271,0.2203223735026798,0.3221009568288342,11936,16.003518617584444,11.817559092019314
bdg2,patchtst,legacy,1,k6,0.1891678317225385,0.287655154914537,0.2225063797094431,0.3198445830291455,11936,14.983187462058067,10.06408419043796
bdg2,patchtst,legacy,2,k6,0.1870190995359822,0.2859341426356114,0.2180406520239773,0.3190164642622972,11936,14.22741686012925,10.37009851613342
bdg2,patchtst,refit,0,k6,0.1804407030530172,0.2780653045150943,0.2006033697453123,0.3000128517088695,11936,10.051010966512564,7.3155356741426925
bdg2,patchtst,refit,1,k6,0.1861639708768062,0.2851477786724533,0.2115402672566758,0.3192441934097231,11936,11.995964980548536,10.680355489977522
bdg2,patchtst,refit,2,k6,0.1845382384843502,0.2824696602855836,0.2042283493221909,0.303569363188778,11936,9.641223122641785,6.950537656882483
bdg2_fox,dlinear,legacy,0,k6,0.2044536707585941,0.2953475175891065,0.2372526588699501,0.317105910938004,11936,13.82449759154637,6.861554010310266
bdg2_fox,dlinear,legacy,1,k6,0.2055900075974818,0.29686627338597,0.2381683133851614,0.3188474879185777,11936,13.678690218960632,6.89395882529924
bdg2_fox,dlinear,legacy,2,k6,0.2052060228008384,0.296966153828325,0.239393946439265,0.3222495356018405,11936,14.281030972978337,7.845901694255575
bdg2_fox,dlinear,refit,0,k6,0.2052695633007589,0.294900479569605,0.2351892860078211,0.310563203817023,11936,12.72155003951465,5.043329040566613
bdg2_fox,dlinear,refit,1,k6,0.2042531808865552,0.2959566438971819,0.2385137057040892,0.318529744993543,11936,14.364174468044677,7.0866540570076575
bdg2_fox,dlinear,refit,2,k6,0.2045071374603889,0.2955500375627637,0.236396773189513,0.3155418242591663,11936,13.489877758847001,6.335701057487264
bdg2_fox,patchtst,legacy,0,k6,0.174901621652762,0.2830671578839501,0.1902763574626705,0.2979829077263206,11936,8.080213440560946,5.005572284726378
bdg2_fox,patchtst,legacy,1,k6,0.1676868788513451,0.2763843191019948,0.1845938965389207,0.2940718444077864,11936,9.159033968390629,6.014695266529657
bdg2_fox,patchtst,legacy,2,k6,0.1714367967302422,0.2777062783679,0.183518639989056,0.2927541421756144,11936,6.583442019586827,5.140102782452738
bdg2_fox,patchtst,refit,0,k6,0.1688481412473297,0.2785854722593284,0.1789148059266641,0.2891902672104117,11936,5.626512924514837,3.667064958091193
bdg2_fox,patchtst,refit,1,k6,0.1642396242169805,0.2708591152524411,0.1774665404722834,0.2872662049268532,11936,7.453188764542739,5.711458359186327
bdg2_fox,patchtst,refit,2,k6,0.1691072803709904,0.2738760344101679,0.1754773751672313,0.2859294277113034,11936,3.6301516307559067,4.215513386507941
bdg2_panther,dlinear,legacy,0,k6,0.0661690769816034,0.1629220821949505,0.0778961183824501,0.1785384359146621,11936,15.054718571816261,8.74677412721141
bdg2_panther,dlinear,legacy,1,k6,0.0657037068629556,0.162095497834395,0.0783383119311524,0.1793496516915571,11936,16.128258009057838,9.620399980946448
bdg2_panther,dlinear,legacy,2,k6,0.0659524837585383,0.1625989351516793,0.0805036916586101,0.1821439269362954,11936,18.075205745568457,10.730520700507318
bdg2_panther,dlinear,refit,0,k6,0.0658459571944656,0.1623042939661895,0.0773265981251636,0.1778118267130678,11936,14.846949444374902,8.721316817639224
bdg2_panther,dlinear,refit,1,k6,0.0659498512527657,0.1621405459410372,0.0766093468180306,0.1766298462537482,11936,13.914092741952611,8.203200433009227
bdg2_panther,dlinear,refit,2,k6,0.0657566470652547,0.1619370259066716,0.0766935526463754,0.1770248197118518,11936,14.260528041450138,8.522982161337044
bdg2_panther,patchtst,legacy,0,k6,0.067196726659824,0.1644945887211789,0.0735923416645026,0.172912155947056,11936,8.690598586786836,4.868117674997063
bdg2_panther,patchtst,legacy,1,k6,0.066918464191509,0.1648101121704895,0.0747446557941097,0.1751959008725725,11936,10.470570128998368,5.928100286796689
bdg2_panther,patchtst,legacy,2,k6,0.0665888058260145,0.1636942121059426,0.0729775293055062,0.1719463960494782,11936,8.754370749859952,4.799277061416873
bdg2_panther,patchtst,refit,0,k6,0.0661932911043716,0.1638416282385947,0.0810435353678489,0.1890732648971034,11936,18.32378634035825,13.344899223187456
bdg2_panther,patchtst,refit,1,k6,0.0658539111987183,0.1618591944142076,0.072169150618005,0.1696844123948981,11936,8.7506079331785,4.6116304204061205
bdg2_panther,patchtst,refit,2,k6,0.066968575908439,0.1648544414852036,0.076768485190991,0.1830177645667254,11936,12.76553687124473,9.924349761631879
ETTh1,dlinear,legacy,0,k8,0.3548515608971699,0.3840717858997732,0.3955730955366408,0.4036559040895817,8464,10.294313515995668,4.851686298006497
ETTh1,dlinear,legacy,1,k8,0.3550038273985519,0.3847601520634419,0.3987785825318127,0.4061631936103852,8464,10.977208167835506,5.26956698284049
ETTh1,dlinear,legacy,2,k8,0.3567874101298379,0.385674713867389,0.394104759071673,0.4017776976604459,8464,9.46889071569128,4.007933712305256
ETTh1,dlinear,refit,0,k8,0.356413791531837,0.3855918486372788,0.3998238508098546,0.4078866380694986,8464,10.857296079283241,5.465927870974053
ETTh1,dlinear,refit,1,k8,0.3581481129432673,0.3865693431598957,0.3996132241273529,0.4060846825409959,8464,10.37631106293696,4.805731469354302
ETTh1,dlinear,refit,2,k8,0.3536202189006513,0.3828067613784228,0.3893195080572351,0.3986060351106982,8464,9.169663584218723,3.9636313403754064
ETTh1,patchtst,legacy,0,k8,0.3723174266585435,0.4040266779972545,0.4293842736337855,0.4367887081843084,8464,13.290390561418963,7.500658687639328
ETTh1,patchtst,legacy,1,k8,0.3813991284091416,0.4107733795582817,0.4555890611533522,0.4470102138935314,8464,16.284397293559717,8.106489115678372
ETTh1,patchtst,legacy,2,k8,0.3837494553936862,0.4100067494086413,0.4620188900151997,0.4532386548664535,8464,16.94074340097621,9.538441832714039
ETTh1,patchtst,refit,0,k8,0.3648054068053445,0.3994113781714217,0.4210708479325173,0.4299823023893913,8464,13.362464156195909,7.10980988010167
ETTh1,patchtst,refit,1,k8,0.3724560908600383,0.404368025628405,0.4327461583775899,0.4335945723455897,8464,13.931970590700404,6.7405241165911285
ETTh1,patchtst,refit,2,k8,0.3709385954123831,0.4057719678907678,0.4260292238720581,0.439314704035011,8464,12.931185320803106,7.635240941439103
ETTh2,dlinear,legacy,0,k8,0.1324142629380484,0.2412012911411303,0.1415501291321895,0.2531849842068671,8464,6.454156029493552,4.7331768522044015
ETTh2,dlinear,legacy,1,k8,0.1319310328244021,0.240333959844518,0.1369262160584143,0.2464291188304605,8464,3.6480838935045057,2.47339235512013
ETTh2,dlinear,legacy,2,k8,0.1338654397854711,0.2426569290060077,0.1444659210958572,0.2566657938040531,8464,7.337703750459168,5.45801783339318
ETTh2,dlinear,refit,0,k8,0.1355514390617066,0.2442179176814266,0.1574857800899883,0.2735780288993589,8464,13.927823207751377,10.731896613208292
ETTh2,dlinear,refit,1,k8,0.1320376206761019,0.2405027773854364,0.1410646462955558,0.2533221605139912,8464,6.399211890795553,5.060505998584663
ETTh2,dlinear,refit,2,k8,0.1333774995023083,0.2423700110355246,0.1505263982113731,0.2632415475578891,8464,11.392618778391196,7.928663509233724
ETTh2,patchtst,legacy,0,k8,0.1418938095024937,0.2546278138681729,0.1845296180249207,0.291208328769855,8464,23.105130210950232,12.561630725401418
ETTh2,patchtst,legacy,1,k8,0.145280903740927,0.2602488473310583,0.1848113271942272,0.3006248746049981,8464,21.389610719994312,13.430700745236512
ETTh2,patchtst,legacy,2,k8,0.1430323633272984,0.2578559355003327,0.233567280715134,0.3575223553124811,8464,38.7618150584434,27.876975615982992
ETTh2,patchtst,refit,0,k8,0.1382002874490463,0.2500535976780952,0.153924329869011,0.2659269570677061,8464,10.215436658613875,5.96906743289265
ETTh2,patchtst,refit,1,k8,0.1394794441804764,0.2517907120651814,0.1664075379820363,0.3015645126549745,8464,16.18201562748125,16.50519159286499
ETTh2,patchtst,refit,2,k8,0.1345790903292411,0.2446297285609113,0.1599854921813644,0.2673008961640645,8464,15.880441098572762,8.481515748169443
ETTm1,dlinear,legacy,0,k8,0.2484272180285588,0.3277820654951408,0.2635142382218697,0.3388971904247036,8464,5.725314994405794,3.2797925871363653
ETTm1,dlinear,legacy,1,k8,0.2464813425352019,0.3261996475886318,0.2623566254997903,0.3376587980789953,8464,6.051031848098331,3.3937070662919955
ETTm1,dlinear,legacy,2,k8,0.2449446716647877,0.324616043795861,0.261279788061064,0.336583064442178,8464,6.25196327565093,3.555443487969323
ETTm1,dlinear,refit,0,k8,0.2473919381979812,0.3274814530012143,0.2640003862547807,0.3391195211912552,8464,6.2910696050160535,3.4318484967066687
ETTm1,dlinear,refit,1,k8,0.2521900013549605,0.3323188691602903,0.2714258901522042,0.3471124218506225,8464,7.08697640687741,4.261890891562081
ETTm1,dlinear,refit,2,k8,0.2374652761584468,0.3173574395629059,0.2553406141308773,0.3337978190333607,8464,7.000585485890742,4.925250715557161
ETTm1,patchtst,legacy,0,k8,0.2791116556664175,0.3482893593558053,0.3149530581001868,0.3625275199409553,8464,11.379918852024018,3.9274702752135737
ETTm1,patchtst,legacy,1,k8,0.272713351454478,0.3455634294865671,0.3319671501115121,0.3747531882814637,8464,17.84929582253244,7.7890621634880475
ETTm1,patchtst,legacy,2,k8,0.270501898330315,0.3389716641318375,0.3215011110080605,0.3614150700545651,8464,15.862841816576756,6.209869975631943
ETTm1,patchtst,refit,0,k8,0.2733437188384023,0.3433119576602959,0.3202909894711344,0.3598315111578848,8464,14.65769321523892,4.5909135207284795
ETTm1,patchtst,refit,1,k8,0.2679720980438211,0.3446998572297242,0.3116047794356251,0.3632477510041613,8464,14.002571292658283,5.106127628640056
ETTm1,patchtst,refit,2,k8,0.2633576341969343,0.3348824464933395,0.2998470838676395,0.3471134999125111,8464,12.169352858143046,3.5236467098670676
ETTm2,dlinear,legacy,0,k8,0.0885614563396289,0.1968113489495373,0.0971136191848692,0.2083302455210748,8464,8.80634757207439,5.529152304662466
ETTm2,dlinear,legacy,1,k8,0.0890390186385097,0.1973295918834508,0.0966370985927592,0.2062022960647236,8464,7.862487662495699,4.302912407186666
ETTm2,dlinear,legacy,2,k8,0.0880097641246334,0.1956331391064715,0.0959383208140483,0.2057721404966221,8464,8.264222911283126,4.9272954860072655
ETTm2,dlinear,refit,0,k8,0.0890190448479447,0.197035882313654,0.1020296539490166,0.2151515579462906,8464,12.751791854134087,8.419960238986002
ETTm2,dlinear,refit,1,k8,0.0892702489801442,0.1978731589074161,0.1037356796600981,0.2172191392258054,8464,13.94450851177873,8.9062043001094
ETTm2,dlinear,refit,2,k8,0.0893863789430442,0.1985048380995177,0.1031248961800944,0.2162797652883896,8464,13.322211944880546,8.218488292314651
ETTm2,patchtst,legacy,0,k8,0.0924898081496137,0.2008190691533645,0.1215281886361414,0.2340904681503667,8464,23.8943580188374,14.213051586376634
ETTm2,patchtst,legacy,1,k8,0.0937128835779321,0.2025616061328343,0.1086063531218815,0.2189022877298879,8464,13.713258125181193,7.464829064380085
ETTm2,patchtst,legacy,2,k8,0.0941736692805995,0.2055910153745647,0.1181136857595897,0.2356635782040747,8464,20.26862198485454,12.760802097076041
ETTm2,patchtst,refit,0,k8,0.0881534712184062,0.1965411365632988,0.1284445097311806,0.2427223750192446,8464,31.368439645337,19.026362300667277
ETTm2,patchtst,refit,1,k8,0.0905496172026947,0.1997453235258666,0.1130723924280687,0.2313689894804429,8464,19.918898629213967,13.668065900097382
ETTm2,patchtst,refit,2,k8,0.0925274402200305,0.2045738054639037,0.1116529630209008,0.2344577541349278,8464,17.129435962474293,12.745984359223295
appliances,dlinear,legacy,0,k8,0.184522965555878,0.2490029161685753,0.2325691323577364,0.2880679854013933,25640,20.65887519757097,13.56105892099908
appliances,dlinear,legacy,1,k8,0.1842947753220397,0.2485121686484504,0.2338600692508773,0.2927677249626008,25640,21.19442369430995,15.1162688167911
appliances,dlinear,legacy,2,k8,0.1839240601028687,0.2485006675753063,0.2466048524107622,0.3041905111067943,25640,25.417501600288052,18.307554475930566
appliances,dlinear,refit,0,k8,0.1830346274284728,0.2477277789875499,0.2214710995625274,0.277695690730193,25640,17.355073510710106,10.791637300472079
appliances,dlinear,refit,1,k8,0.1849681940472925,0.2492224607047949,0.2216167536762602,0.2749426919619232,25640,16.536908433603458,9.354760831646447
appliances,dlinear,refit,2,k8,0.1850055074049977,0.2495733400210886,0.2279299018765531,0.2843024989562913,25640,18.832278748052666,12.215565836634434
appliances,patchtst,legacy,0,k8,0.1854546522613943,0.2506233070289179,0.4215198580785,0.373796431242931,25640,56.00334154912889,32.95192621407417
appliances,patchtst,legacy,1,k8,0.1854523815713079,0.2519124491857187,0.4488101578057483,0.3891468014261804,25640,58.67910332555921,35.26544526063502
appliances,patchtst,legacy,2,k8,0.1830431107495807,0.2494628701386517,0.4399032140442657,0.3861921650488502,25640,58.39014017043262,35.40447147416968
appliances,patchtst,refit,0,k8,0.1819482884994545,0.2509743720331179,0.4695688419918778,0.3932843572278388,25640,61.252052472723115,36.185010305985145
appliances,patchtst,refit,1,k8,0.182880333696334,0.253254438583924,0.4304963504108326,0.3902387975236796,25640,57.518726111892214,35.10270116887685
appliances,patchtst,refit,2,k8,0.177341567260277,0.2453826807632724,0.4253650581247619,0.3816055212205237,25640,58.308383852191795,35.6972928540335
bdg2,dlinear,legacy,0,k8,0.1884515799110256,0.275363466604291,0.2169297286897771,0.3063098620758143,15696,13.127822060514827,10.102970652594845
bdg2,dlinear,legacy,1,k8,0.1879432788259333,0.2770056652971951,0.2259040573703683,0.3231701026239107,15696,16.80393835609536,14.284872564600903
bdg2,dlinear,legacy,2,k8,0.1882188006314654,0.2748997606143255,0.2192738890418394,0.3102973736013714,15696,14.162693308389496,11.407641829582493
bdg2,dlinear,refit,0,k8,0.1883791042349921,0.2732535892406815,0.2141913409078949,0.2960556635998039,15696,12.05101782522684,7.701955126231031
bdg2,dlinear,refit,1,k8,0.1891667043881326,0.2763180271144465,0.2189961129917391,0.3092129231080202,15696,13.62097627948845,10.638266881905912
bdg2,dlinear,refit,2,k8,0.1878789437874312,0.275661319533107,0.2202234593301701,0.3118603725438192,15696,14.687134441134342,11.60745519395091
bdg2,patchtst,legacy,0,k8,0.1832977642413053,0.281587020526797,0.2203223735026798,0.3221009568288342,15696,16.80474328265357,12.578024201140913
bdg2,patchtst,legacy,1,k8,0.1874970430280805,0.2855020227729146,0.2225063797094431,0.3198445830291455,15696,15.73408219893697,10.737264933794876
bdg2,patchtst,legacy,2,k8,0.1853482894512765,0.2836080903268436,0.2180406520239773,0.3190164642622972,15696,14.993700610061344,11.09923088682364
bdg2,patchtst,refit,0,k8,0.1792954778970609,0.2763867717368297,0.2006033697453123,0.3000128517088695,15696,10.621901254851329,7.875022632352557
bdg2,patchtst,refit,1,k8,0.1845690041065663,0.2828849249860298,0.2115402672566758,0.3192441934097231,15696,12.749942835887351,11.389171416198396
bdg2,patchtst,refit,2,k8,0.1830866497318054,0.2805968554707252,0.2042283493221909,0.303569363188778,15696,10.351990632325148,7.567465793235217
bdg2_fox,dlinear,legacy,0,k8,0.2018337258102577,0.2927332535357683,0.2372526588699501,0.317105910938004,15696,14.928782348908154,7.685967546344696
bdg2_fox,dlinear,legacy,1,k8,0.2029493787624701,0.2942579480798794,0.2381683133851614,0.3188474879185777,15696,14.787414044342617,7.71200676512076
bdg2_fox,dlinear,legacy,2,k8,0.2026177375057832,0.2944220520629892,0.239393946439265,0.3222495356018405,15696,15.362213406182368,8.635383597025225
bdg2_fox,dlinear,refit,0,k8,0.2027243687297675,0.292399839778753,0.2351892860078211,0.310563203817023,15696,13.803739885061761,5.848524169969426
bdg2_fox,dlinear,refit,1,k8,0.2015973526597795,0.2934073442333076,0.2385137057040892,0.318529744993543,15696,15.477665291951725,7.88698737091088
bdg2_fox,dlinear,refit,2,k8,0.2019833863710339,0.2931070676463437,0.236396773189513,0.3155418242591663,15696,14.55746893418498,7.109915354484397
bdg2_fox,patchtst,legacy,0,k8,0.1734836678218526,0.2815654123853349,0.1902763574626705,0.2979829077263206,15696,8.82542101643521,5.509542633252029
bdg2_fox,patchtst,legacy,1,k8,0.1662416080373728,0.2747917097035217,0.1845938965389207,0.2940718444077864,15696,9.941980122662608,6.556266800411247
bdg2_fox,patchtst,legacy,2,k8,0.1701109931355267,0.2762984288461481,0.183518639989056,0.2927541421756144,15696,7.305877405329975,5.621001023990646
bdg2_fox,patchtst,refit,0,k8,0.1677678718561069,0.2774142733457114,0.1789148059266641,0.2891902672104117,15696,6.230302748184102,4.0720574652438835
bdg2_fox,patchtst,refit,1,k8,0.1629208415006427,0.2693251514542731,0.1774665404722834,0.2872662049268532,15696,8.196305023431982,6.24544522288949
bdg2_fox,patchtst,refit,2,k8,0.1679276110273633,0.2728361466145319,0.1754773751672313,0.2859294277113034,15696,4.302414560665158,4.57920025985975
bdg2_panther,dlinear,legacy,0,k8,0.0658107871652202,0.1622862843298378,0.0778961183824501,0.1785384359146621,15696,15.51467707016415,9.102886726638804
bdg2_panther,dlinear,legacy,1,k8,0.0653302661972692,0.1614288736081393,0.0783383119311524,0.1793496516915571,15696,16.604960476191156,9.992089705441797
bdg2_panther,dlinear,legacy,2,k8,0.0656637526423003,0.1620886756155595,0.0805036916586101,0.1821439269362954,15696,18.433861492018455,11.01066154555359
bdg2_panther,dlinear,refit,0,k8,0.0654884332481739,0.1616963993677169,0.0773265981251636,0.1778118267130678,15696,15.309305160208941,9.063192051536662
bdg2_panther,dlinear,refit,1,k8,0.0656232978061403,0.1615678607143884,0.0766093468180306,0.1766298462537482,15696,14.340350712016047,8.527429457036162
bdg2_panther,dlinear,refit,2,k8,0.0654528346285269,0.1614396244891095,0.0766935526463754,0.1770248197118518,15696,14.656666212449531,8.803960511362618
bdg2_panther,patchtst,legacy,0,k8,0.0666865490063612,0.1637628925201792,0.0735923416645026,0.172912155947056,15696,9.383846881274627,5.291278323820226
bdg2_panther,patchtst,legacy,1,k8,0.0663141665773705,0.1637510749139106,0.0747446557941097,0.1751959008725725,15696,11.2790528328362,6.532587749861918
bdg2_panther,patchtst,legacy,2,k8,0.0658397184036482,0.1627317950315856,0.0729775293055062,0.1719463960494782,15696,9.780833867335993,5.358996309082897
bdg2_panther,patchtst,refit,0,k8,0.065676398950188,0.1629514012264161,0.0810435353678489,0.1890732648971034,15696,18.961582003932755,13.815736288736124
bdg2_panther,patchtst,refit,1,k8,0.0654152058630064,0.161157246634258,0.072169150618005,0.1696844123948981,15696,9.358492786963179,5.0253088308401805
bdg2_panther,patchtst,refit,2,k8,0.0665005701005172,0.1642013450278081,0.076768485190991,0.1830177645667254,15696,13.37516959586792,10.281198430908123
ETTh1,dlinear,legacy,0,proposed,0.3576488706541109,0.3857676556717924,0.3955730955366408,0.4036559040895817,4528,9.587159822151525,4.43155872032518
ETTh1,dlinear,legacy,1,proposed,0.3576488649314491,0.3862610439193479,0.3987785825318127,0.4061631936103852,4528,10.313923415654468,4.90003771984534
ETTh1,dlinear,legacy,2,proposed,0.3591213812014804,0.3867401496934493,0.394104759071673,0.4017776976604459,4528,8.876669734361275,3.742753282364941
ETTh1,dlinear,refit,0,proposed,0.3585637688165004,0.3870227304763067,0.3998238508098546,0.4078866380694986,4528,10.319564955862626,5.115124067789878
ETTh1,dlinear,refit,1,proposed,0.3608421020360578,0.3880252266088114,0.3996132241273529,0.4060846825409959,4528,9.702161928189613,4.447214265551946
ETTh1,dlinear,refit,2,proposed,0.3562006101043463,0.3841752723502051,0.3893195080572351,0.3986060351106982,4528,8.506868334997453,3.6203071427369338
ETTh1,patchtst,legacy,0,proposed,0.376129484324917,0.4067127676819946,0.4293842736337855,0.4367887081843084,4528,12.402594267876843,6.885695517939738
ETTh1,patchtst,legacy,1,proposed,0.3842848154011282,0.4130775299490934,0.4555890611533522,0.4470102138935314,4528,15.651000393142201,7.591031007743387
ETTh1,patchtst,legacy,2,proposed,0.3885452366928505,0.4130751330611028,0.4620188900151997,0.4532386548664535,4528,15.902737942150381,8.861451108397823
ETTh1,patchtst,refit,0,proposed,0.3682896468156083,0.4020124153276266,0.4210708479325173,0.4299823023893913,4528,12.534992953339763,6.504892621472402
ETTh1,patchtst,refit,1,proposed,0.3770845945630566,0.4075703876523562,0.4327461583775899,0.4335945723455897,4528,12.862405069802186,6.001962744241018
ETTh1,patchtst,refit,2,proposed,0.3733524877631345,0.4072944579371223,0.4260292238720581,0.439314704035011,4528,12.364582793208356,7.288680711979268
ETTh2,dlinear,legacy,0,proposed,0.1336094120080441,0.2426318664342987,0.1415501291321895,0.2531849842068671,4528,5.609826831545872,4.168145202460294
ETTh2,dlinear,legacy,1,proposed,0.1327333307536763,0.2411129888608714,0.1369262160584143,0.2464291188304605,4528,3.062149400922065,2.15726534056494
ETTh2,dlinear,legacy,2,proposed,0.1345799786776162,0.2433336251775564,0.1444659210958572,0.2566657938040531,4528,6.843096519407787,5.194369077741179
ETTh2,dlinear,refit,0,proposed,0.1364696752856625,0.2452559243926229,0.1574857800899883,0.2735780288993589,4528,13.344763439795681,10.352477726621402
ETTh2,dlinear,refit,1,proposed,0.1329272536126193,0.2415471596314916,0.1410646462955558,0.2533221605139912,4528,5.768555691755095,4.6482316661945795
ETTh2,dlinear,refit,2,proposed,0.1343851508662234,0.2434446102896359,0.1505263982113731,0.2632415475578891,4528,10.72320040667134,7.5204455572879025
ETTh2,patchtst,legacy,0,proposed,0.1443436629905084,0.257458858723918,0.1845296180249207,0.291208328769855,4528,21.777509466792043,11.589459061320163
ETTh2,patchtst,legacy,1,proposed,0.1474495795026765,0.262895003835414,0.1848113271942272,0.3006248746049981,4528,20.216156800976492,12.550481998257379
ETTh2,patchtst,legacy,2,proposed,0.1445888885830404,0.260360499182705,0.233567280715134,0.3575223553124811,4528,38.095400973826656,27.176442168170123
ETTh2,patchtst,refit,0,proposed,0.1404884250149456,0.2524564467539683,0.153924329869011,0.2659269570677061,4528,8.728902614355572,5.065492593256781
ETTh2,patchtst,refit,1,proposed,0.1406610578944935,0.2536241420404353,0.1664075379820363,0.3015645126549745,4528,15.471943398574961,15.89721887117025
ETTh2,patchtst,refit,2,proposed,0.1356316596614608,0.2460192242518227,0.1599854921813644,0.2673008961640645,4528,15.222525610194316,7.961691194323373
ETTm1,dlinear,legacy,0,proposed,0.2489995465406479,0.3283530003488134,0.2635142382218697,0.3388971904247036,4528,5.508124258925595,3.111324134223814
ETTm1,dlinear,legacy,1,proposed,0.247071547907559,0.3268254247306573,0.2623566254997903,0.3376587980789953,4528,5.826068834020537,3.208378816121815
ETTm1,dlinear,legacy,2,proposed,0.2454618768339358,0.3251938778036381,0.261279788061064,0.336583064442178,4528,6.054012575757051,3.383766992975501
ETTm1,dlinear,refit,0,proposed,0.2479582679330436,0.3280605525434761,0.2640003862547807,0.3391195211912552,4528,6.076551079836379,3.2610828798446345
ETTm1,dlinear,refit,1,proposed,0.2528778484227448,0.3329891538814913,0.2714258901522042,0.3471124218506225,4528,6.833556562735577,4.068787827826304
ETTm1,dlinear,refit,2,proposed,0.2380417551735924,0.3181376418762861,0.2553406141308773,0.3337978190333607,4528,6.774816852448772,4.691515721230477
ETTm1,patchtst,legacy,0,proposed,0.2797742870956252,0.3488591373391793,0.3149530581001868,0.3625275199409553,4528,11.169528315350163,3.7703020736197246
ETTm1,patchtst,legacy,1,proposed,0.2735174361188675,0.3463188895938296,0.3319671501115121,0.3747531882814637,4528,17.60707768012908,7.58747345633738
ETTm1,patchtst,legacy,2,proposed,0.2710231198525271,0.3395643945429408,0.3215011110080605,0.3614150700545651,4528,15.700720596971085,6.045867292784813
ETTm1,patchtst,refit,0,proposed,0.2738698740656223,0.3438358185649786,0.3202909894711344,0.3598315111578848,4528,14.49341908811197,4.445328465379383
ETTm1,patchtst,refit,1,proposed,0.2687833656220106,0.3455428977468179,0.3116047794356251,0.3632477510041613,4528,13.742219837311909,4.874043461631938
ETTm1,patchtst,refit,2,proposed,0.2639398912411018,0.3354681001519316,0.2998470838676395,0.3471134999125111,4528,11.975168196862661,3.354925626204308
ETTm2,dlinear,legacy,0,proposed,0.0890409509644331,0.1973743758321746,0.0971136191848692,0.2083302455210748,4528,8.312601557016086,5.2588953953841
ETTm2,dlinear,legacy,1,proposed,0.089821304717954,0.198478501754197,0.0966370985927592,0.2062022960647236,4528,7.052978591097602,3.7457363268652455
ETTm2,dlinear,legacy,2,proposed,0.088758866235446,0.1969599737408186,0.0959383208140483,0.2057721404966221,4528,7.483406544625493,4.282487772414534
ETTm2,dlinear,refit,0,proposed,0.0893893697645369,0.1976403207803855,0.1020296539490166,0.2151515579462906,4528,12.388833731412973,8.139024106103165
ETTm2,dlinear,refit,1,proposed,0.0900226286618112,0.1989936260780634,0.1037356796600981,0.2172191392258054,4528,13.219223167206595,8.390380890330329
ETTm2,dlinear,refit,2,proposed,0.0900704216937655,0.1995621796154278,0.1031248961800944,0.2162797652883896,4528,12.658897094578347,7.729611529155489
ETTm2,patchtst,legacy,0,proposed,0.093085032923777,0.2016604208158657,0.1215281886361414,0.2340904681503667,4528,23.40457471765992,13.853638548695512
ETTm2,patchtst,legacy,1,proposed,0.0945828622305328,0.2039550493599653,0.1086063531218815,0.2189022877298879,4528,12.912219670621926,6.828269601442716
ETTm2,patchtst,legacy,2,proposed,0.0950628131140407,0.2069605822163416,0.1181136857595897,0.2356635782040747,4528,19.51583552516266,12.179648720634084
ETTm2,patchtst,refit,0,proposed,0.0885980855760419,0.1971355403280332,0.1284445097311806,0.2427223750192446,4528,31.022286774680076,18.781471913167035
ETTm2,patchtst,refit,1,proposed,0.0913764982020783,0.2017103907428259,0.1130723924280687,0.2313689894804429,4528,19.18761402328363,12.818744121335236
ETTm2,patchtst,refit,2,proposed,0.0934946328051361,0.2066646394123044,0.1116529630209008,0.2344577541349278,4528,16.263187043558858,11.854210079411065
appliances,dlinear,legacy,0,proposed,0.184437776620477,0.2491724253073202,0.2325691323577364,0.2880679854013933,13192,20.69550470834799,13.502215471766533
appliances,dlinear,legacy,1,proposed,0.1843014865684047,0.2488718778808465,0.2338600692508773,0.2927677249626008,13192,21.191553924200633,14.993403759708047
appliances,dlinear,legacy,2,proposed,0.1840649861975554,0.2494699198992755,0.2466048524107622,0.3041905111067943,13192,25.360355078916307,17.988921156159154
appliances,dlinear,refit,0,proposed,0.1830580220428084,0.2482809414649273,0.2214710995625274,0.277695690730193,13192,17.34451022982071,10.592439943133602
appliances,dlinear,refit,1,proposed,0.1848631018632485,0.2492999116162051,0.2216167536762602,0.2749426919619232,13192,16.58432911922434,9.32659099346761
appliances,dlinear,refit,2,proposed,0.1849035052727041,0.2496909144262371,0.2279299018765531,0.2843024989562913,13192,18.877030284140652,12.174210447364164
appliances,patchtst,legacy,0,proposed,0.185473750524942,0.2507248473865242,0.4215198580785,0.373796431242931,13192,55.998810739208146,32.92476160009734
appliances,patchtst,legacy,1,proposed,0.185403013019741,0.2519331729061033,0.4488101578057483,0.3891468014261804,13192,58.690103199494395,35.260119835805966
appliances,patchtst,legacy,2,proposed,0.1830377252174574,0.2496097980319374,0.4399032140442657,0.3861921650488502,13192,58.391364424302886,35.36642619345637
appliances,patchtst,refit,0,proposed,0.1819250322968858,0.2510409232287897,0.4695688419918778,0.3932843572278388,13192,61.257005144299455,36.168088403435824
appliances,patchtst,refit,1,proposed,0.1827326881517678,0.2531295975525796,0.4304963504108326,0.3902387975236796,13192,57.55302269638713,35.134692101643296
appliances,patchtst,refit,2,proposed,0.1773437218762671,0.2455476498400051,0.4253650581247619,0.3816055212205237,13192,58.30787731881559,35.6540625893861
bdg2,dlinear,legacy,0,proposed,0.1931369060846976,0.2814718425669571,0.2169297286897771,0.3063098620758143,8176,10.967986153297005,8.108788708445026
bdg2,dlinear,legacy,1,proposed,0.1926182807618124,0.2832497089220177,0.2259040573703683,0.3231701026239107,8176,14.734474889923776,12.352749644155791
bdg2,dlinear,legacy,2,proposed,0.1928679644708072,0.2810598340009144,0.2192738890418394,0.3102973736013714,8176,12.042439109562064,9.422425739902485
bdg2,dlinear,refit,0,proposed,0.1928634565097239,0.2786979679567468,0.2141913409078949,0.2960556635998039,8176,9.957398047824107,5.862983815949063
bdg2,dlinear,refit,1,proposed,0.1936807927963018,0.2823448037141446,0.2189961129917391,0.3092129231080202,8176,11.559712110685838,8.689196791587362
bdg2,dlinear,refit,2,proposed,0.1924315109224135,0.2814073170508537,0.2202234593301701,0.3118603725438192,8176,12.619885498251804,9.764964764379158
bdg2,patchtst,legacy,0,proposed,0.1870291434142785,0.2863790966806187,0.2203223735026798,0.3221009568288342,8176,15.111143529867766,11.09026825002517
bdg2,patchtst,legacy,1,proposed,0.1909400801872129,0.2899894452927981,0.2225063797094431,0.3198445830291455,8176,14.186694135894262,9.334263989591118
bdg2,patchtst,legacy,2,proposed,0.1886286543389637,0.2878460762759817,0.2180406520239773,0.3190164642622972,8176,13.489226624482509,9.770777210008518
bdg2,patchtst,refit,0,proposed,0.1819472900404104,0.280028236323028,0.2006033697453123,0.3000128517088695,8176,9.299983209946971,6.661253100328668
bdg2,patchtst,refit,1,proposed,0.18796039285811,0.2875929222652044,0.2115402672566758,0.3192441934097231,8176,11.146754565623562,9.914439102701856
bdg2,patchtst,refit,2,proposed,0.1859157489609772,0.2840217131588964,0.2042283493221909,0.303569363188778,8176,8.966727891593395,6.439269702498152
bdg2_fox,dlinear,legacy,0,proposed,0.2087642744310804,0.2987169197747035,0.2372526588699501,0.317105910938004,8176,12.007614403379808,5.799006114047389
bdg2_fox,dlinear,legacy,1,proposed,0.2096845266491117,0.3000555727237723,0.2381683133851614,0.3188474879185777,8176,11.959519858540645,5.893700250699219
bdg2_fox,dlinear,legacy,2,proposed,0.2095058336029064,0.3006221691080649,0.239393946439265,0.3222495356018405,8176,12.48490752623994,6.711372431734885
bdg2_fox,dlinear,refit,0,proposed,0.2092824496831105,0.2981701790019992,0.2351892860078211,0.310563203817023,8176,11.015313139667892,3.9905000536784474
bdg2_fox,dlinear,refit,1,proposed,0.2084160610613697,0.299324196062291,0.2385137057040892,0.318529744993543,8176,12.618832345030928,6.02943657008902
bdg2_fox,dlinear,refit,2,proposed,0.2086939153122755,0.2987083691569641,0.236396773189513,0.3155418242591663,8176,11.718796963031664,5.334777772082699
bdg2_fox,patchtst,legacy,0,proposed,0.1771020804892015,0.2850419118517322,0.1902763574626705,0.2979829077263206,8176,6.923759288409537,4.342865157378051
bdg2_fox,patchtst,legacy,1,proposed,0.1698132026221983,0.2786373438826036,0.1845938965389207,0.2940718444077864,8176,8.007141186060817,5.248547529691394
bdg2_fox,patchtst,legacy,2,proposed,0.1738318424625395,0.2806784692846151,0.183518639989056,0.2927541421756144,8176,5.278372555013577,4.1248512493310745
bdg2_fox,patchtst,refit,0,proposed,0.1712181186783261,0.280623179619073,0.1789148059266641,0.2891902672104117,8176,4.301872731255574,2.962439806145123
bdg2_fox,patchtst,refit,1,proposed,0.1655530911480586,0.2722323548084053,0.1774665404722834,0.2872662049268532,8176,6.713067878891477,5.233421077942657
bdg2_fox,patchtst,refit,2,proposed,0.1710311257446108,0.2753212425836567,0.1754773751672313,0.2859294277113034,8176,2.5338021031960367,3.710071122290204
bdg2_panther,dlinear,legacy,0,proposed,0.0669031807768378,0.1638474589815461,0.0778961183824501,0.1785384359146621,8176,14.112304738523406,8.228467364942082
bdg2_panther,dlinear,legacy,1,proposed,0.0664120899237261,0.163105464044486,0.0783383119311524,0.1793496516915571,8176,15.223996679820795,9.057273038370662
bdg2_panther,dlinear,legacy,2,proposed,0.0666217241149721,0.1635094953788222,0.0805036916586101,0.1821439269362954,8176,17.243889388957346,10.230608217857618
bdg2_panther,dlinear,refit,0,proposed,0.0664986879967472,0.1631922170607848,0.0773265981251636,0.1778118267130678,8176,14.002827475857604,8.221955717194474
bdg2_panther,dlinear,refit,1,proposed,0.0665592305606879,0.1630483813368106,0.0766093468180306,0.1766298462537482,8176,13.118655457557471,7.689224219459678
bdg2_panther,dlinear,refit,2,proposed,0.066332979755961,0.1627458583050516,0.0766935526463754,0.1770248197118518,8176,13.509053281422146,8.066078773610652
bdg2_panther,patchtst,legacy,0,proposed,0.0678908211340163,0.1653554297347294,0.0735923416645026,0.172912155947056,8176,7.747437303298144,4.370268921197429
bdg2_panther,patchtst,legacy,1,proposed,0.0676535763917049,0.165610677432609,0.0747446557941097,0.1751959008725725,8176,9.487072121835393,5.471145952744216
bdg2_panther,patchtst,legacy,2,proposed,0.0672268852429438,0.1644349163286583,0.0729775293055062,0.1719463960494782,8176,7.880020216207162,4.368500819673149
bdg2_panther,patchtst,refit,0,proposed,0.0668078320023272,0.1645044430852843,0.0810435353678489,0.1890732648971034,8176,17.565501431924446,12.994339429844736
bdg2_panther,patchtst,refit,1,proposed,0.0664816642004512,0.1625680258115188,0.072169150618005,0.1696844123948981,8176,7.880772281300574,4.193895292407701
bdg2_panther,patchtst,refit,2,proposed,0.0675319036982664,0.1656093661379093,0.076768485190991,0.1830177645667254,8176,12.031736030410233,9.511862670833382
ETTh1,dlinear,legacy,0,ridge0.1,0.3581242518025071,0.3865346591515161,0.3955730955366408,0.4036559040895817,4528,9.466984523639043,4.241544534491926
ETTh1,dlinear,legacy,1,ridge0.1,0.3580818867555831,0.3871981239695395,0.3987785825318127,0.4061631936103852,4528,10.205336384378915,4.669322562752464
ETTh1,dlinear,legacy,2,ridge0.1,0.3597682806227164,0.3876361976875122,0.394104759071673,0.4017776976604459,4528,8.71252570759038,3.519732442910539
ETTh1,dlinear,refit,0,ridge0.1,0.3591248897088704,0.3878688414960794,0.3998238508098546,0.4078866380694986,4528,10.179222929934594,4.907686279737455
ETTh1,dlinear,refit,1,ridge0.1,0.3616767433211909,0.3888774072113342,0.3996132241273529,0.4060846825409959,4528,9.493299649681274,4.237361336061863
ETTh1,dlinear,refit,2,ridge0.1,0.3563001700776889,0.384628104904869,0.3893195080572351,0.3986060351106982,4528,8.481295515942122,3.5067031039676455
ETTh1,patchtst,legacy,0,ridge0.1,0.3770854713539345,0.4073835157142673,0.4293842736337855,0.4367887081843084,4528,12.179952897961922,6.732132016936953
ETTh1,patchtst,legacy,1,ridge0.1,0.3872070971783725,0.4146352994551625,0.4555890611533522,0.4470102138935314,4528,15.00957108185752,7.242544673952345
ETTh1,patchtst,legacy,2,ridge0.1,0.3917033377263241,0.4147982452823217,0.4620188900151997,0.4532386548664535,4528,15.219194238262057,8.481273424363655
ETTh1,patchtst,refit,0,ridge0.1,0.3712805980237179,0.4036387236035048,0.4210708479325173,0.4299823023893913,4528,11.824672772592193,6.126665827755351
ETTh1,patchtst,refit,1,ridge0.1,0.3815090666697879,0.409470116624449,0.4327461583775899,0.4335945723455897,4528,11.839987650010608,5.563827884338157
ETTh1,patchtst,refit,2,ridge0.1,0.3777229068905101,0.4099896707207885,0.4260292238720581,0.439314704035011,4528,11.33873318419466,6.675176825377882
ETTh2,dlinear,legacy,0,ridge0.1,0.1335449826346582,0.242624251813885,0.1415501291321895,0.2531849842068671,4528,5.655343832329207,4.171152734853079
ETTh2,dlinear,legacy,1,ridge0.1,0.1325945966141532,0.2410185539374573,0.1369262160584143,0.2464291188304605,4528,3.1634697641926834,2.1955866736372176
ETTh2,dlinear,legacy,2,ridge0.1,0.1345851917948065,0.2434694572110966,0.1444659210958572,0.2566657938040531,4528,6.839487974810732,5.141447326257653
ETTh2,dlinear,refit,0,ridge0.1,0.1367220951251975,0.2458112781442046,0.1574857800899883,0.2735780288993589,4528,13.18448240401533,10.149481252885572
ETTh2,dlinear,refit,1,ridge0.1,0.1329022739096484,0.2416598467925615,0.1410646462955558,0.2533221605139912,4528,5.786263674319758,4.60374793021141
ETTh2,dlinear,refit,2,ridge0.1,0.1345498959280233,0.2438083687883484,0.1505263982113731,0.2632415475578891,4528,10.613754446522506,7.382261253903
ETTh2,patchtst,legacy,0,ridge0.1,0.1444952229400797,0.2577070418259376,0.1845296180249207,0.291208328769855,4528,21.695376337599303,11.504233785289076
ETTh2,patchtst,legacy,1,ridge0.1,0.1477458512279977,0.2635196785098503,0.1848113271942272,0.3006248746049981,4528,20.05584642941046,12.342689920087835
ETTh2,patchtst,legacy,2,ridge0.1,0.1456206529765353,0.2620869663841761,0.233567280715134,0.3575223553124811,4528,37.653659138097,26.693544476370633
ETTh2,patchtst,refit,0,ridge0.1,0.1405799582404946,0.2526698996682144,0.153924329869011,0.2659269570677061,4528,8.669436235241312,4.985225095519885
ETTh2,patchtst,refit,1,ridge0.1,0.1412408545091329,0.2549547071920216,0.1664075379820363,0.3015645126549745,4528,15.123523716587972,15.45599813870674
ETTh2,patchtst,refit,2,ridge0.1,0.1357410378783435,0.2462189344735896,0.1599854921813644,0.2673008961640645,4528,15.154158025489373,7.8869775571329015
ETTm1,dlinear,legacy,0,ridge0.1,0.2490522497821367,0.328394008722716,0.2635142382218697,0.3388971904247036,4528,5.488124109467107,3.099223598999179
ETTm1,dlinear,legacy,1,ridge0.1,0.247127778550562,0.3268477688490142,0.2623566254997903,0.3376587980789953,4528,5.804635930278968,3.20176145016422
ETTm1,dlinear,legacy,2,ridge0.1,0.245507522251931,0.3252294852712345,0.261279788061064,0.336583064442178,4528,6.036542637368814,3.3731878904126877
ETTm1,dlinear,refit,0,ridge0.1,0.2480054351401946,0.328095115264892,0.2640003862547807,0.3391195211912552,4528,6.058684739631293,3.250890980158505
ETTm1,dlinear,refit,1,ridge0.1,0.2529186992218231,0.3330318015939851,0.2714258901522042,0.3471124218506225,4528,6.818506119664214,4.056501401352019
ETTm1,dlinear,refit,2,ridge0.1,0.2381019284720086,0.3182040814197918,0.2553406141308773,0.3337978190333607,4528,6.751250958467903,4.671611593726565
ETTm1,patchtst,legacy,0,ridge0.1,0.2798240252186754,0.3489081975802695,0.3149530581001868,0.3625275199409553,4528,11.153736081628029,3.756769241381719
ETTm1,patchtst,legacy,1,ridge0.1,0.2735302188276438,0.3463322135277001,0.3319671501115121,0.3747531882814637,4528,17.603227085643447,7.583918067274087
ETTm1,patchtst,legacy,2,ridge0.1,0.2710503632618933,0.3396084684772892,0.3215011110080605,0.3614150700545651,4528,15.692246781972186,6.033672468052753
ETTm1,patchtst,refit,0,ridge0.1,0.2737729770435147,0.3437989257140239,0.3202909894711344,0.3598315111578848,4528,14.523671897367564,4.455581278101639
ETTm1,patchtst,refit,1,ridge0.1,0.2688009246332182,0.3455653897732414,0.3116047794356251,0.3632477510041613,4528,13.736584811032982,4.867851537150281
ETTm1,patchtst,refit,2,ridge0.1,0.2639014978095745,0.3354743575567552,0.2998470838676395,0.3471134999125111,4528,11.987972534004133,3.353122929154162
ETTm2,dlinear,legacy,0,ridge0.1,0.0890037825626832,0.1973652468727229,0.0971136191848692,0.2083302455210748,4528,8.350874666454155,5.263277360868212
ETTm2,dlinear,legacy,1,ridge0.1,0.0897725818235753,0.1984510909515624,0.0966370985927592,0.2062022960647236,4528,7.103397007097478,3.759029487590282
ETTm2,dlinear,legacy,2,ridge0.1,0.0887217756198656,0.1969391398383807,0.0959383208140483,0.2057721404966221,4528,7.522067441820357,4.2926125164093225
ETTm2,dlinear,refit,0,ridge0.1,0.0893592282584823,0.197626874491925,0.1020296539490166,0.2151515579462906,4528,12.418375638974144,8.145273788229023
ETTm2,dlinear,refit,1,ridge0.1,0.0900010175382641,0.1989617554590747,0.1037356796600981,0.2172191392258054,4528,13.240056041313075,8.405052994778528
ETTm2,dlinear,refit,2,ridge0.1,0.0900577273207946,0.1995366916567363,0.1031248961800944,0.2162797652883896,4528,12.671206801973078,7.74139624635154
ETTm2,patchtst,legacy,0,ridge0.1,0.0930960377052218,0.2017790867659973,0.1215281886361414,0.2340904681503667,4528,23.395519385256534,13.802946202668265
ETTm2,patchtst,legacy,1,ridge0.1,0.0945074687511881,0.2039409097992659,0.1086063531218815,0.2189022877298879,4528,12.9816387029138,6.834728903831023
ETTm2,patchtst,legacy,2,ridge0.1,0.09502403012138,0.2069901604948912,0.1181136857595897,0.2356635782040747,4528,19.54867083329084,12.167097660018356
ETTm2,patchtst,refit,0,ridge0.1,0.0885914806740595,0.1972659268067194,0.1284445097311806,0.2427223750192446,4528,31.027428996793127,18.72775355338424
ETTm2,patchtst,refit,1,ridge0.1,0.0913565392064047,0.2017466684397921,0.1130723924280687,0.2313689894804429,4528,19.205265543026872,12.803064536509423
ETTm2,patchtst,refit,2,ridge0.1,0.0935295781136132,0.2068112664829801,0.1116529630209008,0.2344577541349278,4528,16.231888896575907,11.791671277392457
appliances,dlinear,legacy,0,ridge0.1,0.1848465978237747,0.2495442406629532,0.2325691323577364,0.2880679854013933,13192,20.519719900126386,13.373143386538144
appliances,dlinear,legacy,1,ridge0.1,0.1847782116736969,0.2493540047941166,0.2338600692508773,0.2927677249626008,13192,20.987703345168775,14.828724776281266
appliances,dlinear,legacy,2,ridge0.1,0.1846793072489898,0.2498549035708429,0.2466048524107622,0.3041905111067943,13192,25.11124357708294,17.86236110332693
appliances,dlinear,refit,0,ridge0.1,0.1833316472989457,0.2482131769706928,0.2214710995625274,0.277695690730193,13192,17.220961262629164,10.616842372302127
appliances,dlinear,refit,1,ridge0.1,0.1852106277453545,0.2495921228719075,0.2216167536762602,0.2749426919619232,13192,16.42751521578919,9.220310206872684
appliances,dlinear,refit,2,ridge0.1,0.1852858189307789,0.2499660042531559,0.2279299018765531,0.2843024989562913,13192,18.70929728600079,12.077450894448273
appliances,patchtst,legacy,0,ridge0.1,0.1856216306994989,0.25103685516378,0.4215198580785,0.373796431242931,13192,55.96372812762467,32.84129162789393
appliances,patchtst,legacy,1,ridge0.1,0.1855941880950541,0.2522997940032572,0.4488101578057483,0.3891468014261804,13192,58.64750722166542,35.165908320817216
appliances,patchtst,legacy,2,ridge0.1,0.1832099216304652,0.2499796517432856,0.4399032140442657,0.3861921650488502,13192,58.35222026542649,35.27065684730678
appliances,patchtst,refit,0,ridge0.1,0.1821512329823999,0.2514430317334178,0.4695688419918778,0.3932843572278388,13192,61.208833147930505,36.065844696754354
appliances,patchtst,refit,1,ridge0.1,0.1830741338807005,0.2536865991750122,0.4304963504108326,0.3902387975236796,13192,57.473708265821855,34.991958568748274
appliances,patchtst,refit,2,ridge0.1,0.1774987903311576,0.2458427049787945,0.4253650581247619,0.3816055212205237,13192,58.27142193727247,35.576743179057424
bdg2,dlinear,legacy,0,ridge0.1,0.1933571602026901,0.2823167691854491,0.2169297286897771,0.3063098620758143,8176,10.866453680397703,7.832948220396075
bdg2,dlinear,legacy,1,ridge0.1,0.1931854774626537,0.2845975437913369,0.2259040573703683,0.3231701026239107,8176,14.483396309289265,11.935682948203485
bdg2,dlinear,legacy,2,ridge0.1,0.193121384647241,0.2819880716990658,0.2192738890418394,0.3102973736013714,8176,11.92686667294357,9.123281184672095
bdg2,dlinear,refit,0,ridge0.1,0.1929612599264386,0.2792844191034275,0.2141913409078949,0.2960556635998039,8176,9.911736343527322,5.664895679566229
bdg2,dlinear,refit,1,ridge0.1,0.1939809063753302,0.2833515958460968,0.2189961129917391,0.3092129231080202,8176,11.422671514426618,8.363598455711696
bdg2,dlinear,refit,2,ridge0.1,0.1928125479697152,0.2825005413539626,0.2202234593301701,0.3118603725438192,8176,12.446862583953456,9.414415480354531
bdg2,patchtst,legacy,0,ridge0.1,0.1886777049803412,0.28877184705803,0.2203223735026798,0.3221009568288342,8176,14.362893799323428,10.347410979134553
bdg2,patchtst,legacy,1,ridge0.1,0.1915100531342452,0.2911603827976209,0.2225063797094431,0.3198445830291455,8176,13.93053386409595,8.96816821465779
bdg2,patchtst,legacy,2,ridge0.1,0.1897416148644185,0.2893066053397969,0.2180406520239773,0.3190164642622972,8176,12.978789458236816,9.31295473768171
bdg2,patchtst,refit,0,ridge0.1,0.1823212744024642,0.2803920509149069,0.2006033697453123,0.3000128517088695,8176,9.11355345927597,6.539986764634509
bdg2,patchtst,refit,1,ridge0.1,0.1893178600946272,0.2888044770600457,0.2115402672566758,0.3192441934097231,8176,10.505048258771787,9.534931872859653
bdg2,patchtst,refit,2,ridge0.1,0.1861152069922621,0.2844697020660847,0.2042283493221909,0.303569363188778,8176,8.869063668214572,6.291695881977377
bdg2_fox,dlinear,legacy,0,ridge0.1,0.2092212591176241,0.2998649569968856,0.2372526588699501,0.317105910938004,8176,11.81499920204957,5.436970219230353
bdg2_fox,dlinear,legacy,1,ridge0.1,0.2100628965357274,0.3011573954717201,0.2381683133851614,0.3188474879185777,8176,11.800653264896088,5.548136057880759
bdg2_fox,dlinear,legacy,2,ridge0.1,0.2098600095000135,0.3018742084822103,0.239393946439265,0.3222495356018405,8176,12.336960636865712,6.322841422122383
bdg2_fox,dlinear,refit,0,ridge0.1,0.2096988702099182,0.2991078641805031,0.2351892860078211,0.310563203817023,8176,10.838255530507123,3.6885695071812608
bdg2_fox,dlinear,refit,1,ridge0.1,0.2088396402598062,0.3004567807094272,0.2385137057040892,0.318529744993543,8176,12.44124120946658,5.673870201504139
bdg2_fox,dlinear,refit,2,ridge0.1,0.209063139927962,0.299817069469031,0.236396773189513,0.3155418242591663,8176,11.56260844543693,4.983413792150748
bdg2_fox,patchtst,legacy,0,ridge0.1,0.1790303135351817,0.2859570995333084,0.1902763574626705,0.2979829077263206,8176,5.910373772892463,4.035737581316967
bdg2_fox,patchtst,legacy,1,ridge0.1,0.1708090718704307,0.2794175071532291,0.1845938965389207,0.2940718444077864,8176,7.467649216442817,4.983250703265652
bdg2_fox,patchtst,legacy,2,ridge0.1,0.1764305542101548,0.2814676975902827,0.183518639989056,0.2927541421756144,8176,3.8623247095357027,3.8552638406603057
bdg2_fox,patchtst,refit,0,ridge0.1,0.1718345738656699,0.2810987303213681,0.1789148059266641,0.2891902672104117,8176,3.9573203706217197,2.7979976529280193
bdg2_fox,patchtst,refit,1,ridge0.1,0.1711539037574959,0.2738765304320675,0.1774665404722834,0.2872662049268532,8176,3.5570855768011223,4.661068467206264
bdg2_fox,patchtst,refit,2,ridge0.1,0.1737323210469286,0.2761902529942488,0.1754773751672313,0.2859294277113034,8176,0.9944610344437055,3.4061463330343322
bdg2_panther,dlinear,legacy,0,ridge0.1,0.0669386151174806,0.1642180315938227,0.0778961183824501,0.1785384359146621,8176,14.066815513413577,8.020908353697164
bdg2_panther,dlinear,legacy,1,ridge0.1,0.0664421497443468,0.1634666221937455,0.0783383119311524,0.1793496516915571,8176,15.185624879510474,8.855902059473742
bdg2_panther,dlinear,legacy,2,ridge0.1,0.0666862896774072,0.1640000669399627,0.0805036916586101,0.1821439269362954,8176,17.16368739932822,9.961276393628271
bdg2_panther,dlinear,refit,0,ridge0.1,0.0665428920392102,0.163615230466544,0.0773265981251636,0.1778118267130678,8176,13.94566209740471,7.984056240214343
bdg2_panther,dlinear,refit,1,ridge0.1,0.0666113575076141,0.1635138149444468,0.0766093468180306,0.1766298462537482,8176,13.050612915633675,7.425716314364427
bdg2_panther,dlinear,refit,2,ridge0.1,0.0663788462660522,0.1631383784632309,0.0766935526463754,0.1770248197118518,8176,13.449248371480515,7.84434706456657
bdg2_panther,patchtst,legacy,0,ridge0.1,0.0679717669856241,0.1655721128810016,0.0735923416645026,0.172912155947056,8176,7.637445081584615,4.244954917051558
bdg2_panther,patchtst,legacy,1,ridge0.1,0.067584096747806,0.1656581582878927,0.0747446557941097,0.1751959008725725,8176,9.580028124054863,5.444044373856105
bdg2_panther,patchtst,legacy,2,ridge0.1,0.0672584027787278,0.1646662056633542,0.0729775293055062,0.1719463960494782,8176,7.8368322156213255,4.233988355318075
bdg2_panther,patchtst,refit,0,ridge0.1,0.067283990644557,0.1653706802256462,0.0810435353678489,0.1890732648971034,8176,16.97796704060186,12.536190499675637
bdg2_panther,patchtst,refit,1,ridge0.1,0.0664732408787745,0.1626748893273633,0.072169150618005,0.1696844123948981,8176,7.892443918841774,4.130917488886299
bdg2_panther,patchtst,refit,2,ridge0.1,0.0676162653166597,0.1660034142921116,0.076768485190991,0.1830177645667254,8176,11.921845079477144,9.296556711253368
ETTh1,dlinear,legacy,0,ridge10,0.3601424821788385,0.3854120996821322,0.3955730955366408,0.4036559040895817,4528,8.956780366909578,4.519642651727629
ETTh1,dlinear,legacy,1,ridge10,0.3602121021030194,0.3855853284889797,0.3987785825318127,0.4061631936103852,4528,9.67115139031235,5.066403220461424
ETTh1,dlinear,legacy,2,ridge10,0.3616632656823396,0.386026833306514,0.394104759071673,0.4017776976604459,4528,8.231692879261466,3.9202933477017976
ETTh1,dlinear,refit,0,ridge10,0.3606321805825435,0.386181691677152,0.3998238508098546,0.4078866380694986,4528,9.802234195865822,5.321318319000278
ETTh1,dlinear,refit,1,ridge10,0.3631205201335545,0.3873682337667504,0.3996132241273529,0.4060846825409959,4528,9.132006097518063,4.6090014174213545
ETTh1,dlinear,refit,2,ridge10,0.3587640334154344,0.3839695024514671,0.3893195080572351,0.3986060351106982,4528,7.8484314321358495,3.6719295168640254
ETTh1,patchtst,legacy,0,ridge10,0.3774407247362903,0.406359868537774,0.4293842736337855,0.4367887081843084,4528,12.097217361480961,6.9664895351861045
ETTh1,patchtst,legacy,1,ridge10,0.386769559504119,0.4127835480820412,0.4555890611533522,0.4470102138935314,4528,15.105608873710075,7.656797260485481
ETTh1,patchtst,legacy,2,ridge10,0.3898877593080554,0.411375515019476,0.4620188900151997,0.4532386548664535,4528,15.612160512478457,9.236445170218865
ETTh1,patchtst,refit,0,ridge10,0.3682405877840201,0.4007591706522985,0.4210708479325173,0.4299823023893913,4528,12.546643969274275,6.79635686741088
ETTh1,patchtst,refit,1,ridge10,0.3765264541094933,0.4059031281063619,0.4327461583775899,0.4335945723455897,4528,12.991381478433006,6.386483135484622
ETTh1,patchtst,refit,2,ridge10,0.3725753445920247,0.4049054129599145,0.4260292238720581,0.439314704035011,4528,12.54699825383019,7.832492461339113
ETTh2,dlinear,legacy,0,ridge10,0.1344244221121907,0.2433379196983303,0.1415501291321895,0.2531849842068671,4528,5.034051938832452,3.8892766644056387
ETTh2,dlinear,legacy,1,ridge10,0.1335707117734509,0.2419513743012009,0.1369262160584143,0.2464291188304605,4528,2.4505930139279486,1.8170517147124254
ETTh2,dlinear,legacy,2,ridge10,0.1351433513874823,0.2436720574512491,0.1444659210958572,0.2566657938040531,4528,6.453127241122236,5.062511899315969
ETTh2,dlinear,refit,0,ridge10,0.1368465662807986,0.2452160913571107,0.1574857800899883,0.2735780288993589,4528,13.105445963055406,10.367037753854746
ETTh2,dlinear,refit,1,ridge10,0.1337430661808158,0.2422976671823583,0.1410646462955558,0.2533221605139912,4528,5.190230370974714,4.351965619298448
ETTh2,dlinear,refit,2,ridge10,0.1347650358356948,0.2436536809011295,0.1505263982113731,0.2632415475578891,4528,10.470829411294213,7.441023971511207
ETTh2,patchtst,legacy,0,ridge10,0.1449016710668062,0.2579614243407507,0.1845296180249207,0.291208328769855,4528,21.475114608844393,11.41687965091811
ETTh2,patchtst,legacy,1,ridge10,0.1480281104574114,0.2633316429567126,0.1848113271942272,0.3006248746049981,4528,19.903118112537832,12.405238155121545
ETTh2,patchtst,legacy,2,ridge10,0.14471793513183,0.2604230770859458,0.233567280715134,0.3575223553124811,4528,38.0401507057264,27.158938954088274
ETTh2,patchtst,refit,0,ridge10,0.1410136049227526,0.2528720565220289,0.153924329869011,0.2659269570677061,4528,8.387709049794378,4.909205403479788
ETTh2,patchtst,refit,1,ridge10,0.1411566046848346,0.2536681425763246,0.1664075379820363,0.3015645126549745,4528,15.174152327118474,15.882628117270903
ETTh2,patchtst,refit,2,ridge10,0.1362125640403377,0.2465665463016056,0.1599854921813644,0.2673008961640645,4528,14.859427449882133,7.756932415869089
ETTm1,dlinear,legacy,0,ridge10,0.2489979385727168,0.3282874430962073,0.2635142382218697,0.3388971904247036,4528,5.508734460462317,3.1306684234237214
ETTm1,dlinear,legacy,1,ridge10,0.2471231921336729,0.3268211075421299,0.2623566254997903,0.3376587980789953,4528,5.806384091538619,3.209657381511477
ETTm1,dlinear,legacy,2,ridge10,0.2455059245179295,0.3251622818134171,0.261279788061064,0.336583064442178,4528,6.037154140467993,3.393154271647225
ETTm1,dlinear,refit,0,ridge10,0.2479520157377925,0.3280084008308023,0.2640003862547807,0.3391195211912552,4528,6.078919332148347,3.2764614438655415
ETTm1,dlinear,refit,1,ridge10,0.2528852313772647,0.3329667150044803,0.2714258901522042,0.3471124218506225,4528,6.8308364999899895,4.07525226862372
ETTm1,dlinear,refit,2,ridge10,0.2379998656512016,0.317987828072826,0.2553406141308773,0.3337978190333607,4528,6.791222202821013,4.736397321683706
ETTm1,patchtst,legacy,0,ridge10,0.2800625151856905,0.3487584698802576,0.3149530581001868,0.3625275199409553,4528,11.078013696694322,3.7980702990328075
ETTm1,patchtst,legacy,1,ridge10,0.2739760099815091,0.3463739239606588,0.3319671501115121,0.3747531882814637,4528,17.468939354548496,7.57278795970916
ETTm1,patchtst,legacy,2,ridge10,0.2714709769281085,0.3395809648362384,0.3215011110080605,0.3614150700545651,4528,15.56141872203286,6.0412824553857885
ETTm1,patchtst,refit,0,ridge10,0.2744544353447081,0.3438572844574541,0.3202909894711344,0.3598315111578848,4528,14.310909651911153,4.439362925450297
ETTm1,patchtst,refit,1,ridge10,0.2690495457102659,0.3454891031373124,0.3116047794356251,0.3632477510041613,4528,13.656797499202266,4.888852805766019
ETTm1,patchtst,refit,2,ridge10,0.2642921720604165,0.3354695081701871,0.2998470838676395,0.3471134999125111,4528,11.857681371654715,3.3545199899337907
ETTm2,dlinear,legacy,0,ridge10,0.0896777474661258,0.1979704709673383,0.0971136191848692,0.2083302455210748,4528,7.656878387559818,4.972765489631459
ETTm2,dlinear,legacy,1,ridge10,0.0905015778462663,0.1990045781521409,0.0966370985927592,0.2062022960647236,4528,6.349032448033998,3.490609973772285
ETTm2,dlinear,legacy,2,ridge10,0.0893921661893222,0.1975122636108434,0.0959383208140483,0.2057721404966221,4528,6.823294976586181,4.014089014112332
ETTm2,dlinear,refit,0,ridge10,0.090061583172183,0.1983752728203576,0.1020296539490166,0.2151515579462906,4528,11.72999252042347,7.7974267470193865
ETTm2,dlinear,refit,1,ridge10,0.0906605649856074,0.1997600001254972,0.1037356796600981,0.2172191392258054,4528,12.604259901060866,8.03756941609043
ETTm2,dlinear,refit,2,ridge10,0.0906795487964762,0.2002217837117105,0.1031248961800944,0.2162797652883896,4528,12.06822779426997,7.424634271850272
ETTm2,patchtst,legacy,0,ridge10,0.0935378883287465,0.2016640188084912,0.1215281886361414,0.2340904681503667,4528,23.03194067279205,13.85210153924189
ETTm2,patchtst,legacy,1,ridge10,0.0953424307214491,0.2043921422920152,0.1086063531218815,0.2189022877298879,4528,12.21284208442871,6.628594697821222
ETTm2,patchtst,legacy,2,ridge10,0.0955885871496892,0.2074005170536471,0.1181136857595897,0.2356635782040747,4528,19.070693175851293,11.99296953980431
ETTm2,patchtst,refit,0,ridge10,0.0889683678742807,0.197147720475754,0.1284445097311806,0.2427223750192446,4528,30.734004855107365,18.77645377352506
ETTm2,patchtst,refit,1,ridge10,0.0921491953089007,0.2024432171591353,0.1130723924280687,0.2313689894804429,4528,18.504249065463384,12.502009187256547
ETTm2,patchtst,refit,2,ridge10,0.0938682736700268,0.2068847438945283,0.1116529630209008,0.2344577541349278,4528,15.928542216604502,11.760331980545867
appliances,dlinear,legacy,0,ridge10,0.1846778322784139,0.2492826381784487,0.2325691323577364,0.2880679854013933,13192,20.592285654510857,13.463956145248545
appliances,dlinear,legacy,1,ridge10,0.1845667362377572,0.248993504085086,0.2338600692508773,0.2927677249626008,13192,21.078131538668043,14.951860176222176
appliances,dlinear,legacy,2,ridge10,0.1842443750268352,0.2499725124659806,0.2466048524107622,0.3041905111067943,13192,25.287611648474396,17.82369819608838
appliances,dlinear,refit,0,ridge10,0.1833468983948109,0.2489113389524601,0.2214710995625274,0.277695690730193,13192,17.21407499354244,10.36542976307816
appliances,dlinear,refit,1,ridge10,0.1850739211261039,0.2494361327801029,0.2216167536762602,0.2749426919619232,13192,16.489201264782714,9.277045699891783
appliances,dlinear,refit,2,ridge10,0.1850542391622412,0.2498071327576718,0.2279299018765531,0.2843024989562913,13192,18.810898597031546,12.133332040786183
appliances,patchtst,legacy,0,ridge10,0.1857046552129569,0.2506887752678033,0.4215198580785,0.373796431242931,13192,55.944031662116146,32.934411804247475
appliances,patchtst,legacy,1,ridge10,0.185422033089783,0.2517120905179424,0.4488101578057483,0.3891468014261804,13192,58.68586531189064,35.3169319147825
appliances,patchtst,legacy,2,ridge10,0.1829729502283062,0.2492681613021675,0.4399032140442657,0.3861921650488502,13192,58.40608925173837,35.45488907817768
appliances,patchtst,refit,0,ridge10,0.1820637163475936,0.2508651403610562,0.4695688419918778,0.3932843572278388,13192,61.22747080592226,36.21278452839043
appliances,patchtst,refit,1,ridge10,0.182874925906931,0.2530527893199598,0.4304963504108326,0.3902387975236796,13192,57.51998228732735,35.15437446872397
appliances,patchtst,refit,2,ridge10,0.1773396189885959,0.2453924366657083,0.4253650581247619,0.3816055212205237,13192,58.30884187563399,35.69473631281662
bdg2,dlinear,legacy,0,ridge10,0.1940136144239241,0.2803893829004556,0.2169297286897771,0.3063098620758143,8176,10.563842219442632,8.462175850199404
bdg2,dlinear,legacy,1,ridge10,0.192977025416306,0.2814758496436135,0.2259040573703683,0.3231701026239107,8176,14.57567090088987,12.901643017646014
bdg2,dlinear,legacy,2,ridge10,0.1935796552608848,0.2795987058349539,0.2192738890418394,0.3102973736013714,8176,11.717872060932844,9.893305705466604
bdg2,dlinear,refit,0,ridge10,0.1940346754176042,0.2780750360776408,0.2141913409078949,0.2960556635998039,8176,9.410588404205544,6.073394206863947
bdg2,dlinear,refit,1,ridge10,0.1945356626526236,0.2807498850370129,0.2189961129917391,0.3092129231080202,8176,11.16935364968702,9.204996280528677
bdg2,dlinear,refit,2,ridge10,0.1931310902391477,0.280086765020194,0.2202234593301701,0.3118603725438192,8176,12.302217562754814,10.188408121381553
bdg2,patchtst,legacy,0,ridge10,0.186468044886166,0.2846582952922358,0.2203223735026798,0.3221009568288342,8176,15.365815136383333,11.62451111764179
bdg2,patchtst,legacy,1,ridge10,0.1904207308532374,0.2881998824174625,0.2225063797094431,0.3198445830291455,8176,14.42010287440041,9.893774129918398
bdg2,patchtst,legacy,2,ridge10,0.1885118510333719,0.2868149371468048,0.2180406520239773,0.3190164642622972,8176,13.542796132969826,10.09400163403984
bdg2,patchtst,refit,0,ridge10,0.1820489651722186,0.2798703810029078,0.2006033697453123,0.3000128517088695,8176,9.249298551988684,6.713869286342378
bdg2,patchtst,refit,1,ridge10,0.1872811828400959,0.2857935567496973,0.2115402672566758,0.3192441934097231,8176,11.467832924284217,10.478072068516752
bdg2,patchtst,refit,2,ridge10,0.1860722285862851,0.2834866375990689,0.2042283493221909,0.303569363188778,8176,8.89010795815749,6.615531086126247
bdg2_fox,dlinear,legacy,0,ridge10,0.2104621655172912,0.2971856841688874,0.2372526588699501,0.317105910938004,8176,11.291967592803287,6.281884405810112
bdg2_fox,dlinear,legacy,1,ridge10,0.2120786256025638,0.2989445234099237,0.2381683133851614,0.3188474879185777,8176,10.954306814276272,6.242158167398348
bdg2_fox,dlinear,legacy,2,ridge10,0.2115546415148528,0.2991250576206125,0.239393946439265,0.3222495356018405,8176,11.62907639833538,7.175953857634032
bdg2_fox,dlinear,refit,0,ridge10,0.2113442370808416,0.2968235798512089,0.2351892860078211,0.310563203817023,8176,10.138662917743002,4.424099119581859
bdg2_fox,dlinear,refit,1,ridge10,0.2105412155944044,0.2980160890582172,0.2385137057040892,0.318529744993543,8176,11.727833428737522,6.440106852734151
bdg2_fox,dlinear,refit,2,ridge10,0.210680917168746,0.2971324060155768,0.236396773189513,0.3155418242591663,8176,10.878260169884491,5.834224444512692
bdg2_fox,patchtst,legacy,0,ridge10,0.1757539122027706,0.2843006905300742,0.1902763574626705,0.2979829077263206,8176,7.632290975902778,4.59161141175678
bdg2_fox,patchtst,legacy,1,ridge10,0.1694257509403321,0.2780750264267401,0.1845938965389207,0.2940718444077864,8176,8.217035277431538,5.439765242830818
bdg2_fox,patchtst,legacy,2,ridge10,0.1714661319175415,0.2795719704683816,0.183518639989056,0.2927541421756144,8176,6.567457165241208,4.502813046219922
bdg2_fox,patchtst,refit,0,ridge10,0.1694117409896338,0.2800634610519346,0.1789148059266641,0.2891902672104117,8176,5.311502805936319,3.155986626561169
bdg2_fox,patchtst,refit,1,ridge10,0.16300413443041,0.2710878361613646,0.1774665404722834,0.2872662049268532,8176,8.149370581848991,5.631838513551591
bdg2_fox,patchtst,refit,2,ridge10,0.1660789474991072,0.2741955063238269,0.1754773751672313,0.2859294277113034,8176,5.355919906579021,4.103782349861518
bdg2_panther,dlinear,legacy,0,ridge10,0.0673517791353041,0.1633574350274446,0.0778961183824501,0.1785384359146621,8176,13.536411654526837,8.502931488922483
bdg2_panther,dlinear,legacy,1,ridge10,0.0668279111123,0.1626729992371352,0.0783383119311524,0.1793496516915571,8176,14.693194855881375,9.29840247646655
bdg2_panther,dlinear,legacy,2,ridge10,0.0670344910375208,0.1628313568768887,0.0805036916586101,0.1821439269362954,8176,16.73115896126577,10.602917365540954
bdg2_panther,dlinear,refit,0,ridge10,0.0669172625902973,0.1625903444743094,0.0773265981251636,0.1778118267130678,8176,13.461520081379208,8.560444217988428
bdg2_panther,dlinear,refit,1,ridge10,0.0669288617604188,0.1622232103493746,0.0766093468180306,0.1766298462537482,8176,12.63616707319768,8.156399504349277
bdg2_panther,dlinear,refit,2,ridge10,0.0667067329270898,0.1621730329817791,0.0766935526463754,0.1770248197118518,8176,13.021720046447193,8.38966352528836
bdg2_panther,patchtst,legacy,0,ridge10,0.06817407406393,0.1650941058115025,0.0735923416645026,0.172912155947056,8176,7.362542729342325,4.521399951746197
bdg2_panther,patchtst,legacy,1,ridge10,0.0681948851543325,0.1658815760862191,0.0747446557941097,0.1751959008725725,8176,8.762861465064587,5.316519815796439
bdg2_panther,patchtst,legacy,2,ridge10,0.0674781715577433,0.1640742333283052,0.0729775293055062,0.1719463960494782,8176,7.535686395658747,4.578265611864152
bdg2_panther,patchtst,refit,0,ridge10,0.0663969122544824,0.1629797344891667,0.0810435353678489,0.1890732648971034,8176,18.072537244194585,13.800750953413331
bdg2_panther,patchtst,refit,1,ridge10,0.0669596796925026,0.1626680561863332,0.072169150618005,0.1696844123948981,8176,7.218417954059609,4.1349444592683415
bdg2_panther,patchtst,refit,2,ridge10,0.0676875654505396,0.1649980377170792,0.076768485190991,0.1830177645667254,8176,11.828968251567208,9.84588949182389
ETTh1,dlinear,legacy,0,window128,0.3583681991347408,0.3856624142784477,0.3955730955366408,0.4036559040895817,6064,9.405315179847417,4.457630776320998
ETTh1,dlinear,legacy,1,window128,0.3588239505502378,0.3864097583622286,0.3987785825318127,0.4061631936103852,6064,10.019252219591678,4.863423264074795
ETTh1,dlinear,legacy,2,window128,0.3598222355787271,0.3862810319495626,0.394104759071673,0.4017776976604459,6064,8.698835196433441,3.8570248675126817
ETTh1,dlinear,refit,0,window128,0.3591934403441892,0.3870051205011739,0.3998238508098546,0.4078866380694986,6064,10.162077720818141,5.119441437737593
ETTh1,dlinear,refit,1,window128,0.3614553424972441,0.3876738423680985,0.3996132241273529,0.4060846825409959,6064,9.548703427779525,4.533744059907685
ETTh1,dlinear,refit,2,window128,0.3570793829252429,0.3840413239271759,0.3893195080572351,0.3986060351106982,6064,8.281148122495951,3.6539113562285896
ETTh1,patchtst,legacy,0,window128,0.3757183357495854,0.4066584559736528,0.4293842736337855,0.4367887081843084,6064,12.498347326518733,6.898129838544675
ETTh1,patchtst,legacy,1,window128,0.3846185145772383,0.4129829777002449,0.4555890611533522,0.4470102138935314,6064,15.577754741619021,7.612183152797291
ETTh1,patchtst,legacy,2,window128,0.3887189249095687,0.4133498514185586,0.4620188900151997,0.4532386548664535,6064,15.865144627142735,8.800838811872314
ETTh1,patchtst,refit,0,window128,0.368042299276009,0.4019728621770556,0.4210708479325173,0.4299823023893913,6064,12.593735452568522,6.514091407178524
ETTh1,patchtst,refit,1,window128,0.3764405663277705,0.407634951221313,0.4327461583775899,0.4335945723455897,6064,13.011228629022353,5.987072435857421
ETTh1,patchtst,refit,2,window128,0.3721685843702005,0.4063043729485368,0.4260292238720581,0.439314704035011,6064,12.642475324188707,7.514051039785697
ETTh2,dlinear,legacy,0,window128,0.133655663938765,0.2428973794131643,0.1415501291321895,0.2531849842068671,6064,5.577151530573388,4.063276037451413
ETTh2,dlinear,legacy,1,window128,0.1326246527718544,0.2413150312155299,0.1369262160584143,0.2464291188304605,6064,3.1415191410276044,2.0752773207978747
ETTh2,dlinear,legacy,2,window128,0.1345583543149954,0.2439328608938725,0.1444659210958572,0.2566657938040531,6064,6.858065006409264,4.960899822865095
ETTh2,dlinear,refit,0,window128,0.1364958977018051,0.2459675237336743,0.1574857800899883,0.2735780288993589,6064,13.328112783382384,10.092369360494825
ETTh2,dlinear,refit,1,window128,0.1329489383431317,0.241965655184492,0.1410646462955558,0.2533221605139912,6064,5.753183498167369,4.483028767185948
ETTh2,dlinear,refit,2,window128,0.134365385800753,0.2438869907578429,0.1505263982113731,0.2632415475578891,6064,10.736331037381486,7.352394399592244
ETTh2,patchtst,legacy,0,window128,0.1455442148484663,0.2586885716653684,0.1845296180249207,0.291208328769855,6064,21.126908294574932,11.167179607073418
ETTh2,patchtst,legacy,1,window128,0.1486725554356368,0.2632718473556899,0.1848113271942272,0.3006248746049981,6064,19.554413848568064,12.425128592032731
ETTh2,patchtst,legacy,2,window128,0.1453264222871054,0.260990065432426,0.233567280715134,0.3575223553124811,6064,37.77963170091873,27.000350732105726
ETTh2,patchtst,refit,0,window128,0.1407186360147316,0.2527834318011493,0.153924329869011,0.2659269570677061,6064,8.579341463118517,4.942532119152698
ETTh2,patchtst,refit,1,window128,0.1406130129328874,0.2537798329774805,0.1664075379820363,0.3015645126549745,6064,15.500815264710809,15.845591132987625
ETTh2,patchtst,refit,2,window128,0.1360298924546951,0.2461318472678377,0.1599854921813644,0.2673008961640645,6064,14.973607544059375,7.919557771790487
ETTm1,dlinear,legacy,0,window128,0.2497812427169953,0.3289387956580722,0.2635142382218697,0.3388971904247036,6064,5.211481397567475,2.9384707362582807
ETTm1,dlinear,legacy,1,window128,0.2479549335716666,0.3273405155215662,0.2623566254997903,0.3376587980789953,6064,5.4893570538530945,3.055831098177142
ETTm1,dlinear,legacy,2,window128,0.2462812576276282,0.3256188672612571,0.261279788061064,0.336583064442178,6064,5.740409751836784,3.257501145844033
ETTm1,dlinear,refit,0,window128,0.2488414372879192,0.3286592762512454,0.2640003862547807,0.3391195211912552,6064,5.742017722743764,3.084530463850965
ETTm1,dlinear,refit,1,window128,0.2538889872982171,0.3336924995743072,0.2714258901522042,0.3471124218506225,6064,6.4610280338965325,3.866160192357071
ETTm1,dlinear,refit,2,window128,0.2384106715574067,0.3186095519167553,0.2553406141308773,0.3337978190333607,6064,6.630336748854604,4.550139710495671
ETTm1,patchtst,legacy,0,window128,0.2823029051047425,0.3500892075171859,0.3149530581001868,0.3625275199409553,6064,10.366672796381703,3.430998128306284
ETTm1,patchtst,legacy,1,window128,0.2776174232597379,0.3483809533412653,0.3319671501115121,0.3747531882814637,6064,16.372019590949705,7.037227638045119
ETTm1,patchtst,legacy,2,window128,0.2743874576720795,0.3410470861019737,0.3215011110080605,0.3614150700545651,6064,14.654273880502943,5.635621101664712
ETTm1,patchtst,refit,0,window128,0.2766752578679127,0.3454470337417736,0.3202909894711344,0.3598315111578848,6064,13.617533129870473,3.997559126999206
ETTm1,patchtst,refit,1,window128,0.2717348736577058,0.3469527705864283,0.3116047794356251,0.3632477510041613,6064,12.795023827982089,4.4859136423246015
ETTm1,patchtst,refit,2,window128,0.2656106948555576,0.336253217872729,0.2998470838676395,0.3471134999125111,6064,11.41794963301852,3.128740899596072
ETTm2,dlinear,legacy,0,window128,0.0890267337031583,0.1974989043733424,0.0971136191848692,0.2083302455210748,6064,8.327241379313023,5.199120809674607
ETTm2,dlinear,legacy,1,window128,0.0898381111328134,0.1986225996540939,0.0966370985927592,0.2062022960647236,6064,7.03558732510956,3.6758545153399047
ETTm2,dlinear,legacy,2,window128,0.0887266858520658,0.1970543678011343,0.0959383208140483,0.2057721404966221,6064,7.516949328267253,4.236614672155248
ETTm2,dlinear,refit,0,window128,0.0895161775883893,0.1979082193849321,0.1020296539490166,0.2151515579462906,6064,12.264548468311165,8.014507878052656
ETTm2,dlinear,refit,1,window128,0.0901339906674563,0.1992459731338852,0.1037356796600981,0.2172191392258054,6064,13.11187147682389,8.274209241404185
ETTm2,dlinear,refit,2,window128,0.0900787295036832,0.1997852158285814,0.1031248961800944,0.2162797652883896,6064,12.650841028365978,7.626487590188669
ETTm2,patchtst,legacy,0,window128,0.0932905316129778,0.2022051343294663,0.1215281886361414,0.2340904681503667,6064,23.23547922507747,13.62094495894597
ETTm2,patchtst,legacy,1,window128,0.0946392694417305,0.204433125584795,0.1086063531218815,0.2189022877298879,6064,12.860282367161979,6.609872512135162
ETTm2,patchtst,legacy,2,window128,0.0952215141144112,0.2071285504578604,0.1181136857595897,0.2356635782040747,6064,19.381472602398986,12.108374133869827
ETTm2,patchtst,refit,0,window128,0.0885603541442878,0.1974053187570171,0.1284445097311806,0.2427223750192446,6064,31.051662441910278,18.670324999347276
ETTm2,patchtst,refit,1,window128,0.091387521852765,0.2018909982749188,0.1130723924280687,0.2313689894804429,6064,19.177864825933167,12.740683732819702
ETTm2,patchtst,refit,2,window128,0.0935076485305142,0.206651322495122,0.1116529630209008,0.2344577541349278,6064,16.251529739510715,11.859889958599334
appliances,dlinear,legacy,0,window128,0.1866444153824535,0.2506596239940165,0.2325691323577364,0.2880679854013933,14728,19.746694890120587,12.985948908988298
appliances,dlinear,legacy,1,window128,0.1864971947385069,0.2505973190823871,0.2338600692508773,0.2927677249626008,14728,20.252655643217597,14.404048767875866
appliances,dlinear,legacy,2,window128,0.1864557792015548,0.2515713184883715,0.2466048524107622,0.3041905111067943,14728,24.39087172097446,17.298104542106973
appliances,dlinear,refit,0,window128,0.1850241067081012,0.2492912878472893,0.2214710995625274,0.277695690730193,14728,16.45677152749052,10.228607728198858
appliances,dlinear,refit,1,window128,0.1868440081839556,0.2502022556527302,0.2216167536762602,0.2749426919619232,14728,15.690485902117734,8.998397496093236
appliances,dlinear,refit,2,window128,0.1870589128921191,0.251076187800211,0.2279299018765531,0.2843024989562913,14728,17.93138532853392,11.686957124210329
appliances,patchtst,legacy,0,window128,0.1869670993955332,0.2528315775830413,0.4215198580785,0.373796431242931,14728,55.64453351075238,32.361157985822075
appliances,patchtst,legacy,1,window128,0.1870023091024145,0.2546348805251217,0.4488101578057483,0.3891468014261804,14728,58.33376187012419,34.5658554581683
appliances,patchtst,legacy,2,window128,0.1847709050389581,0.2522779351632506,0.4399032140442657,0.3861921650488502,14728,57.99737325393459,34.675542904569426
appliances,patchtst,refit,0,window128,0.1834212601694271,0.2536677388664378,0.4695688419918778,0.3932843572278388,14728,60.93836648288522,35.50017075317283
appliances,patchtst,refit,1,window128,0.184223298682338,0.2558561628716818,0.4304963504108326,0.3902387975236796,14728,57.20676876667377,34.436000598798366
appliances,patchtst,refit,2,window128,0.1792319433090116,0.2484557434403785,0.4253650581247619,0.3816055212205237,14728,57.86397122058815,34.89199457971157
bdg2,dlinear,legacy,0,window128,0.1947132491944248,0.283401966609965,0.2169297286897771,0.3063098620758143,9712,10.241325441900706,7.478667291547869
bdg2,dlinear,legacy,1,window128,0.1942970638124956,0.285725833846118,0.2259040573703683,0.3231701026239107,9712,13.991335049840758,11.586551006349898
bdg2,dlinear,legacy,2,window128,0.1944832634087518,0.2831516478646642,0.2192738890418394,0.3102973736013714,9712,11.305780976209768,8.7482937485576
bdg2,dlinear,refit,0,window128,0.1945707648736345,0.2800425227864134,0.2141913409078949,0.2960556635998039,9712,9.160303096798629,5.408827724720178
bdg2,dlinear,refit,1,window128,0.1952145328040906,0.2841279809249317,0.2189961129917391,0.3092129231080202,9712,10.859361777140574,8.112514163686924
bdg2,dlinear,refit,2,window128,0.1938159393107992,0.283183794109254,0.2202234593301701,0.3118603725438192,9712,11.991238399256732,9.195326164928474
bdg2,patchtst,legacy,0,window128,0.1878008566912843,0.2880719449218566,0.2203223735026798,0.3221009568288342,9712,14.760878023583901,10.56470376306915
bdg2,patchtst,legacy,1,window128,0.1921534461585741,0.2924443824473971,0.2225063797094431,0.3198445830291455,9712,13.641376750862133,8.566723351150685
bdg2,patchtst,legacy,2,window128,0.1895480833872309,0.289554088797255,0.2180406520239773,0.3190164642622972,9712,13.067548813609841,9.235377720448312
bdg2,patchtst,refit,0,window128,0.1833331857860426,0.2814270772109656,0.2006033697453123,0.3000128517088695,9712,8.609119568228618,6.194992778489173
bdg2,patchtst,refit,1,window128,0.188911643030499,0.289461039910161,0.2115402672566758,0.3192441934097231,9712,10.69707650445576,9.329270230872433
bdg2,patchtst,refit,2,window128,0.18717723697284,0.2855374474974444,0.2042283493221909,0.303569363188778,9712,8.3490428267875,5.9399655821395285
bdg2_fox,dlinear,legacy,0,window128,0.2103828950487761,0.2991556311031348,0.2372526588699501,0.317105910938004,9712,11.325379428477822,5.660657595997498
bdg2_fox,dlinear,legacy,1,window128,0.2115785368259121,0.3006384407782041,0.2381683133851614,0.3188474879185777,9712,11.164279656399467,5.710895594392618
bdg2_fox,dlinear,legacy,2,window128,0.2113370879057128,0.3014808154646649,0.239393946439265,0.3222495356018405,9712,11.719953219732037,6.444918562376667
bdg2_fox,dlinear,refit,0,window128,0.2112012718044137,0.2983647699662142,0.2351892860078211,0.310563203817023,9712,10.199450243073438,3.927842610097454
bdg2_fox,dlinear,refit,1,window128,0.2103726757276288,0.2999259584290851,0.2385137057040892,0.318529744993543,9712,11.798495978832102,5.840517834475712
bdg2_fox,dlinear,refit,2,window128,0.2103405903483362,0.2989708635048633,0.236396773189513,0.3155418242591663,9712,11.022224410943316,5.2515893236050655
bdg2_fox,patchtst,legacy,0,window128,0.1786476213601099,0.2862512860163962,0.1902763574626705,0.2979829077263206,9712,6.111498169099638,3.937011622391162
bdg2_fox,patchtst,legacy,1,window128,0.1711832971270755,0.2800469485522088,0.1845938965389207,0.2940718444077864,9712,7.264920272712072,4.769207294843714
bdg2_fox,patchtst,legacy,2,window128,0.1750105984611824,0.2820855733974309,0.183518639989056,0.2927541421756144,9712,4.636063959705117,3.644207627225904
bdg2_fox,patchtst,refit,0,window128,0.172171426322407,0.2813797285248526,0.1789148059266641,0.2891902672104117,9712,3.7690450319808333,2.700830412067856
bdg2_fox,patchtst,refit,1,window128,0.1669345875190337,0.2740006406632918,0.1774665404722834,0.2872662049268532,9712,5.934613322162885,4.617864557698049
bdg2_fox,patchtst,refit,2,window128,0.172061393424389,0.2765470414819768,0.1754773751672313,0.2859294277113034,9712,1.9466793024381923,3.2813643228075895
bdg2_panther,dlinear,legacy,0,window128,0.0674574009084535,0.1644173823079177,0.0778961183824501,0.1785384359146621,9712,13.400818539821413,7.909251324176491
bdg2_panther,dlinear,legacy,1,window128,0.0670292724263976,0.1637922680941521,0.0783383119311524,0.1793496516915571,9712,14.436154195783214,8.67433164808168
bdg2_panther,dlinear,legacy,2,window128,0.0673739924845107,0.1643932724743095,0.0805036916586101,0.1821439269362954,9712,16.30943737310603,9.745400113281955
bdg2_panther,dlinear,refit,0,window128,0.0671695632597587,0.1639444042889087,0.0773265981251636,0.1778118267130678,9712,13.135240798986603,7.798931421213484
bdg2_panther,dlinear,refit,1,window128,0.0671544252145187,0.1636544776556668,0.0766093468180306,0.1766298462537482,9712,12.341733739056771,7.346079314048016
bdg2_panther,dlinear,refit,2,window128,0.0669043362950257,0.1633582570134356,0.0766935526463754,0.1770248197118518,9712,12.764066878589631,7.720139311912111
bdg2_panther,patchtst,legacy,0,window128,0.0681265475410275,0.1654568430971187,0.0735923416645026,0.172912155947056,9712,7.427123529229318,4.311618699740261
bdg2_panther,patchtst,legacy,1,window128,0.0678416357636023,0.1657118340594179,0.0747446557941097,0.1751959008725725,9712,9.23546968966228,5.413406801140164
bdg2_panther,patchtst,legacy,2,window128,0.0673027567984351,0.1643753545459673,0.0729775293055062,0.1719463960494782,9712,7.776054576080227,4.403140558603102
bdg2_panther,patchtst,refit,0,window128,0.066873323845777,0.1646144134308508,0.0810435353678489,0.1890732648971034,9712,17.484690737829556,12.936176608344663
bdg2_panther,patchtst,refit,1,window128,0.0666412065382815,0.1625356804170686,0.072169150618005,0.1696844123948981,9712,7.65970505733563,4.212957381844018
bdg2_panther,patchtst,refit,2,window128,0.0677874944370262,0.1660224474365804,0.076768485190991,0.1830177645667254,9712,11.698798968901302,9.286157095394287
ETTh1,dlinear,legacy,0,window8,0.3620230880754656,0.3873901694740192,0.3955730955366408,0.4036559040895817,4144,8.481367372991,4.029604039175084
ETTh1,dlinear,legacy,1,window8,0.3646051712528465,0.3883560107101388,0.3987785825318127,0.4061631936103852,4144,8.569520223980431,4.38424337320138
ETTh1,dlinear,legacy,2,window8,0.3631913370432422,0.3882162556669484,0.394104759071673,0.4017776976604459,4144,7.843960601046396,3.3753595763194144
ETTh1,dlinear,refit,0,window8,0.3619142791634198,0.3884512638789795,0.3998238508098546,0.4078866380694986,4144,9.481568338068858,4.764896021724441
ETTh1,dlinear,refit,1,window8,0.3644434505683261,0.3898387381427802,0.3996132241273529,0.4060846825409959,4144,8.80095338081668,4.000629695402413
ETTh1,dlinear,refit,2,window8,0.3604970824990937,0.385550022134361,0.3893195080572351,0.3986060351106982,4144,7.403283154746032,3.2754177875684576
ETTh1,patchtst,legacy,0,window8,0.3761169756146656,0.4060009674260993,0.4293842736337855,0.4367887081843084,4144,12.405507441697939,7.048657664753055
ETTh1,patchtst,legacy,1,window8,0.3856820583703808,0.4130351334053018,0.4555890611533522,0.4470102138935314,4144,15.344311078496364,7.600515476436465
ETTh1,patchtst,legacy,2,window8,0.3873859549958999,0.4121078640140058,0.4620188900151997,0.4532386548664535,4144,16.153654457038435,9.074863851708958
ETTh1,patchtst,refit,0,window8,0.3703317868419207,0.4013358670556791,0.4210708479325173,0.4299823023893913,4144,12.050005679502252,6.662235904716384
ETTh1,patchtst,refit,1,window8,0.3763584334274267,0.4060994629225677,0.4327461583775899,0.4335945723455897,4144,13.030208092791995,6.341202398886914
ETTh1,patchtst,refit,2,window8,0.3731784900804585,0.4067653632157731,0.4260292238720581,0.439314704035011,4144,12.40542451788973,7.409117090841533
ETTh2,dlinear,legacy,0,window8,0.1339757263785793,0.2431619368926017,0.1415501291321895,0.2531849842068671,4144,5.3510390983371625,3.9587842642658244
ETTh2,dlinear,legacy,1,window8,0.1328549290431792,0.2412150970210511,0.1369262160584143,0.2464291188304605,4144,2.973343697380959,2.11583023717119
ETTh2,dlinear,legacy,2,window8,0.1349373977408418,0.2435286276593337,0.1444659210958572,0.2566657938040531,4144,6.595689338174759,5.1183938264670825
ETTh2,dlinear,refit,0,window8,0.1368711116096951,0.2454166611988977,0.1574857800899883,0.2735780288993589,4144,13.089860220087079,10.29372417578931
ETTh2,dlinear,refit,1,window8,0.1332483341555111,0.2419798645224683,0.1410646462955558,0.2533221605139912,4144,5.540943351368222,4.4774195706010715
ETTh2,dlinear,refit,2,window8,0.1347451725227675,0.243460797811388,0.1505263982113731,0.2632415475578891,4144,10.484025311258161,7.514296253767139
ETTh2,patchtst,legacy,0,window8,0.1449020723413804,0.2577593724747091,0.1845296180249207,0.291208328769855,4144,21.474897150759087,11.486263609438495
ETTh2,patchtst,legacy,1,window8,0.1475300014068601,0.2628716229963542,0.1848113271942272,0.3006248746049981,4144,20.172641121821687,12.558259411583705
ETTh2,patchtst,legacy,2,window8,0.1450581477047253,0.2609332717421873,0.233567280715134,0.3575223553124811,4144,37.89449136001083,27.01623608567727
ETTh2,patchtst,refit,0,window8,0.1408879578809307,0.2525641448993438,0.153924329869011,0.2659269570677061,4144,8.4693381476302,5.024993447715809
ETTh2,patchtst,refit,1,window8,0.1409453122192867,0.2540868933676304,0.1664075379820363,0.3015645126549745,4144,15.301125220360067,15.74376867800229
ETTh2,patchtst,refit,2,window8,0.135911671734433,0.2459282449465743,0.1599854921813644,0.2673008961640645,4144,15.047502194536854,7.995727483222515
ETTm1,dlinear,legacy,0,window8,0.2499362918995058,0.328455362236027,0.2635142382218697,0.3388971904247036,4144,5.152642382432382,3.081119727074455
ETTm1,dlinear,legacy,1,window8,0.2481901956337301,0.3269813875655831,0.2623566254997903,0.3376587980789953,4144,5.399684433001484,3.162189338515098
ETTm1,dlinear,legacy,2,window8,0.2469279623582696,0.3256610971235268,0.261279788061064,0.336583064442178,4144,5.492895493102667,3.2449545067730234
ETTm1,dlinear,refit,0,window8,0.2492811993947566,0.3281725363159383,0.2640003862547807,0.3391195211912552,4144,5.575441410839044,3.2280609611804345
ETTm1,dlinear,refit,1,window8,0.2541624069631453,0.332997842660085,0.2714258901522042,0.3471124218506225,4144,6.3602934780386144,4.066284668029441
ETTm1,dlinear,refit,2,window8,0.2388396621382692,0.3184316160023624,0.2553406141308773,0.3337978190333607,4144,6.462329562719049,4.603446204500972
ETTm1,patchtst,legacy,0,window8,0.2800748922295422,0.3490309865849604,0.3149530581001868,0.3625275199409553,4144,11.074083890796782,3.7228989838324678
ETTm1,patchtst,legacy,1,window8,0.2749061457569318,0.3465152382605079,0.3319671501115121,0.3747531882814637,4144,17.18875025297316,7.5350793279301715
ETTm1,patchtst,legacy,2,window8,0.271361148316225,0.3396579036522968,0.3215011110080605,0.3614150700545651,4144,15.595579914054614,6.019994240689375
ETTm1,patchtst,refit,0,window8,0.2741300100792831,0.343775456395308,0.3202909894711344,0.3598315111578848,4144,14.41220043937934,4.462103585900746
ETTm1,patchtst,refit,1,window8,0.2696957690246834,0.3458566463258627,0.3116047794356251,0.3632477510041613,4144,13.449411939973066,4.787670296711443
ETTm1,patchtst,refit,2,window8,0.2644866409685055,0.3352750390302994,0.2998470838676395,0.3471134999125111,4144,11.792825343848612,3.4105446446754506
ETTm2,dlinear,legacy,0,window8,0.0896501298202976,0.1979983083444337,0.0971136191848692,0.2083302455210748,4144,7.6853168764762225,4.959403350578739
ETTm2,dlinear,legacy,1,window8,0.0903422702419641,0.198872332464096,0.0966370985927592,0.2062022960647236,4144,6.513883842190138,3.5547439289070004
ETTm2,dlinear,legacy,2,window8,0.0893411283647666,0.1974817383665268,0.0959383208140483,0.2057721404966221,4144,6.876493556801622,4.02892350251437
ETTm2,dlinear,refit,0,window8,0.0903140792554246,0.1985459156481338,0.1020296539490166,0.2151515579462906,4144,11.482519287428117,7.718113899180857
ETTm2,dlinear,refit,1,window8,0.0908209009610227,0.1997701355249812,0.1037356796600981,0.2172191392258054,4144,12.449697868074082,8.032903437061067
ETTm2,dlinear,refit,2,window8,0.090952027443984,0.200246896067027,0.1031248961800944,0.2162797652883896,4144,11.804005809472095,7.413023220172354
ETTm2,patchtst,legacy,0,window8,0.0937342873567,0.2023524993885689,0.1215281886361414,0.2340904681503667,4144,22.8703328761503,13.557992776284722
ETTm2,patchtst,legacy,1,window8,0.0954334839235734,0.2046680951606693,0.1086063531218815,0.2189022877298879,4144,12.129004261403642,6.502532575987841
ETTm2,patchtst,legacy,2,window8,0.0952848506162434,0.2071926045465218,0.1181136857595897,0.2356635782040747,4144,19.32784926364287,12.081193824910109
ETTm2,patchtst,refit,0,window8,0.0894422410265255,0.1979491303120924,0.1284445097311806,0.2427223750192446,4144,30.365072657665404,18.44627826487042
ETTm2,patchtst,refit,1,window8,0.0920524115426348,0.2023315726364136,0.1130723924280687,0.2313689894804429,4144,18.589843580789022,12.550263070792278
ETTm2,patchtst,refit,2,window8,0.0937830655626035,0.2069019558554423,0.1116529630209008,0.2344577541349278,4144,16.004857349779567,11.75299080261063
appliances,dlinear,legacy,0,window8,0.1845100314427605,0.249330255263412,0.2325691323577364,0.2880679854013933,12808,20.664436603328628,13.447426337225298
appliances,dlinear,legacy,1,window8,0.1843436732102101,0.2489587512095247,0.2338600692508773,0.2927677249626008,12808,21.173514657411495,14.963730636180061
appliances,dlinear,legacy,2,window8,0.1838353082604774,0.2493223596306262,0.2466048524107622,0.3041905111067943,12808,25.453491095840842,18.037430318431312
appliances,dlinear,refit,0,window8,0.1833159662945984,0.2486215642228509,0.2214710995625274,0.277695690730193,12808,17.22804164665139,10.469779502480758
appliances,dlinear,refit,1,window8,0.1851527807153318,0.2497430134977036,0.2216167536762602,0.2749426919619232,12808,16.4536174977977,9.165429451643526
appliances,dlinear,refit,2,window8,0.185040012081917,0.2498864038053244,0.2279299018765531,0.2843024989562913,12808,18.817140463590988,12.105449398901701
appliances,patchtst,legacy,0,window8,0.1851306813082571,0.2503255043080818,0.4215198580785,0.373796431242931,12808,56.080199364230175,33.03159597438885
appliances,patchtst,legacy,1,window8,0.1849000603683635,0.2514324601036345,0.4488101578057483,0.3891468014261804,12808,58.802166761922756,35.38878922243172
appliances,patchtst,legacy,2,window8,0.1823217295814514,0.2488714535199777,0.4399032140442657,0.3861921650488502,12808,58.55412650767651,35.55761197576407
appliances,patchtst,refit,0,window8,0.1812875256523384,0.2501549967685825,0.4695688419918778,0.3932843572278388,12808,61.39276940025885,36.39335199298001
appliances,patchtst,refit,1,window8,0.1820724196962933,0.2521721282681738,0.4304963504108326,0.3902387975236796,12808,57.70639646014713,35.38004681534207
appliances,patchtst,refit,2,window8,0.1765531140993648,0.2446170898927739,0.4253650581247619,0.3816055212205237,12808,58.493743026823594,35.8979164896795
bdg2,dlinear,legacy,0,window8,0.19276738963554,0.2807742949517689,0.2169297286897771,0.3063098620758143,7792,11.13832539236278,8.336514845129306
bdg2,dlinear,legacy,1,window8,0.1919356350975327,0.2819416303128285,0.2259040573703683,0.3231701026239107,7792,15.036658778175283,12.757514379064293
bdg2,dlinear,legacy,2,window8,0.192458593577088,0.2803937310974819,0.2192738890418394,0.3102973736013714,7792,12.229132972432843,9.637091721667524
bdg2,dlinear,refit,0,window8,0.1925830692631418,0.2783238726570528,0.2141913409078949,0.2960556635998039,7792,10.088303081329952,5.989343600844011
bdg2,dlinear,refit,1,window8,0.1931800091017451,0.2814288784732223,0.2189961129917391,0.3092129231080202,7792,11.7883845230476,8.985408616020818
bdg2,dlinear,refit,2,window8,0.1919156273165315,0.2804105123339314,0.2202234593301701,0.3118603725438192,7792,12.85414010829703,10.08459649854001
bdg2,patchtst,legacy,0,window8,0.1869387237867679,0.2858180550499157,0.2203223735026798,0.3221009568288342,7792,15.152183223691463,11.264450169950724
bdg2,patchtst,legacy,1,window8,0.1908064003076573,0.2885238428559968,0.2225063797094431,0.3198445830291455,7792,14.246773257998612,9.792487300088059
bdg2,patchtst,legacy,2,window8,0.1887450128220679,0.2872219148354276,0.2180406520239773,0.3190164642622972,7792,13.43586112496482,9.966429005597632
bdg2,patchtst,refit,0,window8,0.1822654839202179,0.2798394032395725,0.2006033697453123,0.3000128517088695,7792,9.141364797797923,6.72419476512065
bdg2,patchtst,refit,1,window8,0.1878026905713021,0.2864848098429826,0.2115402672566758,0.3192441934097231,7792,11.221304101205142,10.26154406031643
bdg2,patchtst,refit,2,window8,0.1860798680613337,0.2837184142411544,0.2042283493221909,0.303569363188778,7792,8.886367304583231,6.539180613980156
bdg2_fox,dlinear,legacy,0,window8,0.2085735737637525,0.2985184599535244,0.2372526588699501,0.317105910938004,7792,12.087993130529263,5.861590826073737
bdg2_fox,dlinear,legacy,1,window8,0.2095014097990508,0.299806294129696,0.2381683133851614,0.3188474879185777,7792,12.036405338165624,5.971881388554056
bdg2_fox,dlinear,legacy,2,window8,0.2093204841276368,0.3003132023487143,0.239393946439265,0.3222495356018405,7792,12.56233198831448,6.807250540224185
bdg2_fox,dlinear,refit,0,window8,0.2092990678960316,0.2981582904732737,0.2351892860078211,0.310563203817023,7792,11.008247251079517,3.994328108186962
bdg2_fox,dlinear,refit,1,window8,0.2082149594270905,0.2990191200400947,0.2385137057040892,0.318529744993543,7792,12.703146843304957,6.125212875753194
bdg2_fox,dlinear,refit,2,window8,0.2085322831123178,0.2985125569637961,0.236396773189513,0.3155418242591663,7792,11.787170231319932,5.396833632229836
bdg2_fox,patchtst,legacy,0,window8,0.1765864493614781,0.2845149137506075,0.1902763574626705,0.2979829077263206,7792,7.194749933069411,4.519720301569318
bdg2_fox,patchtst,legacy,1,window8,0.169347375606439,0.2780539643830097,0.1845938965389207,0.2940718444077864,7792,8.259493525164864,5.446927453063077
bdg2_fox,patchtst,legacy,2,window8,0.1735398164384172,0.2802300936826333,0.183518639989056,0.2927541421756144,7792,5.4374986384128965,4.278008980473558
bdg2_fox,patchtst,refit,0,window8,0.1710518929795524,0.2804750545722871,0.1789148059266641,0.2891902672104117,7792,4.394780469054438,3.0136604257789523
bdg2_fox,patchtst,refit,1,window8,0.1651541342254145,0.2717112829283277,0.1774665404722834,0.2872662049268532,7792,6.937874719427384,5.414810977325457
bdg2_fox,patchtst,refit,2,window8,0.1710321301901837,0.2752241171976377,0.1754773751672313,0.2859294277113034,7792,2.533229695743533,3.744039429363899
bdg2_panther,dlinear,legacy,0,window8,0.0668783200569109,0.1638443628767128,0.0778961183824501,0.1785384359146621,7792,14.144219961570636,8.23020150404632
bdg2_panther,dlinear,legacy,1,window8,0.0663142871121042,0.1630143696351193,0.0783383119311524,0.1793496516915571,7792,15.34884339812621,9.108064555670815
bdg2_panther,dlinear,legacy,2,window8,0.0665432542762122,0.1633963849648512,0.0805036916586101,0.1821439269362954,7792,17.341362979476216,10.292707688245429
bdg2_panther,dlinear,refit,0,window8,0.0664769329674627,0.1631089542086739,0.0773265981251636,0.1778118267130678,7792,14.030961429519051,8.268782103071072
bdg2_panther,dlinear,refit,1,window8,0.0665877123846921,0.1630324567778619,0.0766093468180306,0.1766298462537482,7792,13.081477456194445,7.698239999797174
bdg2_panther,dlinear,refit,2,window8,0.0662788659434662,0.1626960518242396,0.0766935526463754,0.1770248197118518,7792,13.579611771187661,8.094214083050911
bdg2_panther,patchtst,legacy,0,window8,0.0678469617787184,0.1652122507740988,0.0735923416645026,0.172912155947056,7792,7.807035019997855,4.4530733717268784
bdg2_panther,patchtst,legacy,1,window8,0.0675624862443116,0.1654261941896465,0.0747446557941097,0.1751959008725725,7792,9.60894056369993,5.576447071117229
bdg2_panther,patchtst,legacy,2,window8,0.0671142071478145,0.1641780666301112,0.0729775293055062,0.1719463960494782,7792,8.034421298569928,4.517878593472602
bdg2_panther,patchtst,refit,0,window8,0.0664172587371121,0.1638569980687305,0.0810435353678489,0.1890732648971034,7792,18.04743162344723,13.336770189109492
bdg2_panther,patchtst,refit,1,window8,0.0664941891217274,0.1624984138871954,0.072169150618005,0.1696844123948981,7792,7.863417329539402,4.234919640691015
bdg2_panther,patchtst,refit,2,window8,0.0672886434685599,0.1652407736567888,0.076768485190991,0.1830177645667254,7792,12.348611150586553,9.71325977673352
